stage,records,note,dropped,dropped_thematic
0_raw_load,12505,Raw Scopus export loaded,,
1_col_standardize,12505,Column names cleaned,,
2_exact_dedup,12505,Exact row duplicates removed,0.0,
3_doi_dedup,12499,DOI-based duplicates removed,6.0,
4_title_dedup,12489,Exact normalized title + year + first-author match; distinct non-empty DOIs preserved,10.0,
5_missing_metadata,12468,"Records missing ['Title', 'Year', 'Source title'] removed",21.0,
6_thematic_screen,9906,"XR signal in Title, Abstract, or Author Keywords",2562.0,2562.0
7_year_filter,9841,Publication year window 1991–2025 (inclusive),65.0,
8_education_eligibility_algorithm,9541,Binary deterministic title + abstract + author-keyword lexical rule; see A11 trace and algorithm specification,300.0,
9_classification_eligibility,9535,Records assigned to one canonical technology category,6.0,
