Country,Articles with any affiliation in country,Articles assigned by first affiliation,Percent of corpus (any affiliation)
USA,2177,1881,22.83
China,943,855,9.89
UK,634,450,6.65
Spain,569,466,5.97
Taiwan,498,429,5.22
Germany,438,363,4.59
South Korea,421,382,4.42
Australia,359,261,3.77
Indonesia,343,317,3.6
Canada,342,253,3.59
Malaysia,300,243,3.15
Turkey,275,242,2.88
Italy,257,201,2.7
Netherlands,228,172,2.39
Japan,202,166,2.12
France,170,122,1.78
India,161,138,1.69
Greece,152,120,1.59
Denmark,151,124,1.58
Saudi Arabia,145,90,1.52
Hong Kong,143,93,1.5
Brazil,140,119,1.47
Russia,124,108,1.3
Switzerland,122,68,1.28
Thailand,117,92,1.23
Portugal,103,71,1.08
Ireland,94,65,0.99
Sweden,90,58,0.94
Singapore,90,69,0.94
Iran,86,74,0.9
Mexico,85,67,0.89
Poland,84,65,0.88
Norway,81,59,0.85
Colombia,80,57,0.84
Finland,78,50,0.82
New Zealand,77,48,0.81
Belgium,70,41,0.73
Israel,65,59,0.68
Cyprus,60,41,0.63
United Arab Emirates,60,36,0.63
Peru,59,52,0.62
Romania,57,39,0.6
Austria,55,27,0.58
Czech Republic,52,33,0.55
Chile,52,40,0.55
Jordan,51,35,0.53
South Africa,45,31,0.47
Kazakhstan,45,40,0.47
Ukraine,44,40,0.46
Pakistan,44,30,0.46
Egypt,40,30,0.42
Slovakia,33,23,0.35
Ecuador,31,26,0.33
Vietnam,28,22,0.29
Serbia,27,18,0.28
Hungary,24,17,0.25
Croatia,24,14,0.25
Macao,23,9,0.24
Slovenia,23,13,0.24
Morocco,22,18,0.23
Palestine,21,20,0.22
Philippines,21,14,0.22
Nigeria,20,16,0.21
Iraq,19,14,0.2
Oman,18,11,0.19
Kuwait,17,8,0.18
Bulgaria,16,13,0.17
Qatar,12,9,0.13
Estonia,12,6,0.13
Argentina,12,6,0.13
Lithuania,9,5,0.09
Luxembourg,8,2,0.08
Lebanon,8,3,0.08
Tunisia,8,7,0.08
Malta,7,4,0.07
Bahrain,7,2,0.07
Bosnia And Herzegovina,7,2,0.07
Venezuela,6,1,0.06
North Macedonia,6,3,0.06
Iceland,6,4,0.06
Latvia,5,4,0.05
Sri Lanka,5,4,0.05
Uzbekistan,5,0,0.05
Costa Rica,5,3,0.05
Ghana,5,5,0.05
Kenya,4,1,0.04
Cameroon,4,2,0.04
Rwanda,4,1,0.04
Grenada,4,0,0.04
Ethiopia,3,1,0.03
Bangladesh,3,3,0.03
Uruguay,3,2,0.03
Dominican Republic,3,2,0.03
Nepal,3,1,0.03
El Salvador,2,0,0.02
Jamaica,2,2,0.02
Algeria,2,1,0.02
Cuba,2,0,0.02
Tanzania,2,2,0.02
Azerbaijan,2,0,0.02
Puerto Rico,2,2,0.02
Saint Kitts And Nevis,2,2,0.02
Swaziland,2,0,0.02
Georgia,2,1,0.02
Mongolia,2,0,0.02
Kyrgyzstan,2,1,0.02
Liechtenstein,2,1,0.02
Libya,2,0,0.02
Virtual Reality Lab,1,0,0.01
School,1,0,0.01
University Of Kang Ning,1,0,0.01
Somalia,1,0,0.01
Universitas Hkbp Nommensen,1,0,0.01
Safinah Group,1,1,0.01
School Of Performance,1,0,0.01
Uganda,1,1,0.01
Tvfson Simulation Center,1,0,0.01
Syrian Arab Republic,1,0,0.01
.c. Van Doormaal,1,0,0.01
Post Dct Fellow,1,1,0.01
Paraguay,1,0,0.01
Guatemala,1,0,0.01
Guam,1,0,0.01
Faculty Of Evds,1,0,0.01
Educational Service Unit #3,1,1,0.01
Discover Video Productions,1,0,0.01
Departments Of Computer Science,1,0,0.01
Coughlin Associates,1,1,0.01
Computer Labs.,1,0,0.01
Center For Health Systems & Design,1,1,0.01
Cambodia,1,0,0.01
Burundi,1,0,0.01
Brunei Darussalam,1,1,0.01
Belarus,1,1,0.01
Armenia,1,1,0.01
Andorra,1,1,0.01
Ifto,1,1,0.01
Inaugural Science Communication Fellow,1,1,0.01
Inc,1,0,0.01
Malawi,1,1,0.01
Panama,1,0,0.01
North Korea,1,0,0.01
Niger,1,0,0.01
National Institute Of Ophthalmology,1,0,0.01
Namibia,1,0,0.01
Mauritius,1,1,0.01
Longbhorough Universitetas,1,1,0.01
Institute For Applied Creativity,1,0,0.01
Life Science Informatics,1,0,0.01
Liberia,1,0,0.01
Albania,1,1,0.01
Laos,1,1,0.01
Kauai Deaf/hh Resources,1,1,0.01
Instituto Nacional De Rehabilitación,1,0,0.01
Zambia,1,0,0.01
