Country,VR,AR,MR/XR,Hybrid/Multi-technology
USA,1.119371024187158,0.5561497812808143,1.3878865916528882,0.7735984124728262
China,1.17284313642171,0.6487551867219917,0.637512742099898,0.742325285160095
Spain,0.7281320665932532,1.7541449254714798,0.8310922549907469,1.5613075256023456
UK,1.1680596372248238,0.4541286307053942,1.338776758409786,0.6536083608360836
Taiwan,0.9074524700231145,1.587862345123756,0.36779581274994116,0.7577719310392578
South Korea,1.050825412579479,0.7005537029393236,1.1264950285796629,1.29677051474781
Germany,1.0181956968211245,0.764029868660197,1.26448808350393,1.2793552082480977
Indonesia,0.47306845369836,3.008423105619331,0.22624663560327612,0.8301683480650904
Australia,1.050475973058199,0.5406293222683264,2.198319800344476,0.6524221387656007
Canada,1.2513356594752842,0.40386933560756405,0.6803495666678754,0.6730520878174774
Malaysia,0.536093119870503,2.52293683725219,0.5312606184165817,1.4014994092001793
Turkey,0.7448685732892243,1.769332327423614,0.35563727348548035,1.8550650519597416
Italy,1.0098498304537382,0.798840341859169,1.6413574330183944,0.8471750160090636
Netherlands,1.1801152088441942,0.39604241049889033,1.2509334328995094,0.8100103615012665
Japan,1.1041430375141774,0.5862245663150528,0.9505084558417156,1.305558869139926
