Author,Citing documents,Louvain cluster,Connected at plotted threshold
"Azuma, R.T.",467,0,True
"Akçayir, M.",307,0,True
"Bacca, J.",194,0,True
"Billinghurst, M.",148,0,True
"Braun, V.",138,3,True
"Grantcharov, T.P.",138,4,True
"Gallagher, A.G.",135,4,True
"Bower, M.G.",133,0,True
"Chen, Y.",124,1,True
"Cheng, K.",123,0,True
"Seymour, N.E.",120,4,True
"Aggarwal, R.",110,4,True
"Cai, S.",103,0,True
"Chen, C.",93,0,True
"Cook, D.A.",90,6,True
"Bailenson, J.N.",89,1,True
"Chang, Y.",89,3,True
"Chang, S.",86,1,True
"Chen, C.H.",84,0,True
"Davis, F.D.",83,1,True
"Milgram, P.",80,0,True
"Bandura, A.",79,0,True
"Barab, S.A.",74,1,True
"Dunleavy, M.",71,0,True
"Brown, J.S.",71,0,True
"Chen, F.",70,3,True
"Cabero-Almenara, J.",69,0,True
"Dalgarno, B.",68,1,True
"Araiza-Alba, P.",66,1,True
"Bujak, K.R.",64,0,True
"Allcoat, D.",64,1,True
"Bowman, D.A.",62,1,True
"Dede, C.J.",62,1,True
"Foronda, C.L.",61,3,True
"Reznick, R.K.",58,4,True
"Satava, R.M.M.D.",57,4,True
"Ahlberg, G.",56,4,True
"Chang, H.Y.",56,0,True
"Moro, C.",53,6,True
"Chang, C.Y.",53,3,True
"Arıcı, F.",53,0,True
"Botella, C.M.",52,5,True
"Merchant, Z.H.",50,6,True
"Banos, R.M.",50,5,True
"Albus, P.",49,1,True
"Alhalabi, W.S.",48,1,True
"Chittaro, L.",48,1,True
"Barteit, S.",47,3,True
"Bressler, D.M.",47,0,True
"Scott, D.J.",47,4,True
"Huang, H.",46,6,True
"Chiang, T.H.C.",46,0,True
"Aebersold, M.L.",46,3,True
"Alalwan, N.",46,0,True
"Makransky, G.",45,6,True
"Ahn, S.J.G.",45,1,True
"Al-Ansi, A.M.",45,0,True
"Chen, S.",45,6,True
"Issenberg, S.B.",44,4,True
"Di Serio, A.",44,0,True
"Radianti, J.",43,6,True
"Ajzen, I.",43,1,True
"Wu, H.K.",43,0,True
"Alfadil, M.",43,1,True
"Chang, C.",43,3,True
"Chang, K.E.",43,0,True
"Biocca, F.A.",43,1,True
"Stefanidis, D.",42,4,True
"Fried, G.M.",42,4,True
"Barsom, E.Z.",41,6,True
"Garzón, J.",40,0,True
"Andersen, S.A.W.",39,6,True
"Chen, J.",38,1,True
"Cant, R.P.",38,3,True
"Buchner, J.",37,0,True
"Cohen, J.",36,5,True
"Carmigniani, J.",36,0,True
"Choi, J.",35,3,True
"Kyaw, B.M.",35,6,True
"Chen, P.",35,0,True
"Butt, A.L.",35,3,True
"Anderson, P.L.",34,5,True
"Checa, D.",34,1,True
"Baceviciute, S.",33,1,True
"Alfalah, S.F.M.",33,1,True
"Martín Gutiérrez, J.",33,0,True
"Bridges, M.A.",33,4,True
"Ibáñez, M.B.",32,0,True
"Buttussi, F.",31,1,True
"Bouchard, S.A.",31,5,True
"Carbonell-Carrera, C.",31,1,True
"Chien, S.",31,1,True
"Agarwal, R.",31,1,True
"Annetta, L.A.",31,1,True
"Perry, S.",30,5,True
"Li, L.",30,5,True
"Calvert, J.",29,1,True
"Lee, J.",29,5,True
"Schijven, M.P.",29,4,True
"Rizzo, A.S.",29,5,True
"Martin, J.A.",29,4,True
"Derossis, A.M.",29,4,True
"Riva, G.",28,5,True
"Farra, S.L.",28,3,True
"Radu, I.W.",28,0,True
"Blascovich, J.J.",28,1,True
"Cheng, Y.",28,1,True
"Bracq, M.S.",27,3,True
"Liu, Y.",27,1,True
"Wang, Y.",27,1,True
"Bhagat, K.K.",27,0,True
"Ericsson, K.A.",27,6,True
"Larsen, C.R.",27,4,True
"Arvanitis, T.N.",27,0,True
"Chen, L.",26,3,True
"González Izard, S.",25,6,True
"Mystakidis, S.",25,6,True
"McGaghie, W.C.",25,6,True
"Cochrane, T.D.",25,1,True
"Kaufmann, H.",25,0,True
"Carl, E.C.",24,5,True
"Cheng, A.M.",24,6,True
"Bailey, J.O.",24,1,True
"Haluck, R.S.",24,4,True
"Clark, R.E.",24,1,True
"Jordan, J.A.",24,4,True
"Hyltander, A.G.",24,4,True
"Zhang, J.",23,0,True
"Li, Y.",23,5,True
"Barsalou, L.W.",23,1,True
"Zhang, Y.",23,,False
"Cummings, J.J.",23,1,True
"Cipresso, P.",23,0,True
"Chen, Z.",23,1,True
"Altmeyer, K.",23,0,True
"Asad, M.M.",23,1,True
"Bangor, A.W.",23,3,True
"Hwang, G.",23,0,True
"Lee, E.A.L.",23,6,True
"Kamel Boulos, M.N.",23,1,True
"Andreatta, P.B.",23,4,True
"Birt, J.R.",23,1,True
"Abdinejad, M.",22,0,True
"Hamilton, D.",22,6,True
"Dubovi, I.",22,3,True
"Cannon, W.D.",22,4,True
"Bernardo, A.",22,3,True
"Barrett, A.J.",22,1,True
"AlGerafi, M.A.M.",22,0,True
"Baron-Cohen, S.B.",22,1,True
"Balog, A.",22,0,True
"Cruz-Neira, C.",22,1,True
"Alkhattabi, M.A.",22,0,True
"Li, X.",21,1,True
"Andersen, M.S.",21,1,True
"Chi, M.T.H.",21,1,True
"Belda-Medina, J.",21,0,True
"Andújar Márquez, J.M.",21,0,True
"Hoffman, H.G.",21,,False
"Duenser, A.",21,0,True
"Deterding, S.",20,1,True
"Buchanan, J.A.",20,5,True
"Kneebone, R.L.",20,4,True
"Chang, E.",20,1,True
"Chen, M.",20,1,True
"Aïm, F.",20,4,True
"Cai, Y.",20,0,True
"Fealy, S.M.",20,3,True
"Huang, Y.",20,,False
"Baniasadi, T.",20,3,True
"Baddeley, A.D.",20,1,True
"Kamphuis, C.",20,6,True
"Jensen, L.X.",20,6,True
"Chen, J.C.C.",20,1,True
"Chen, X.",20,0,True
"Barreda-Ángeles, M.",20,1,True
"Di Natale, A.F.",20,1,True
"Klopfer, E.",20,0,True
"Abulrub, A.H.G.",20,1,True
"Anderson, T.D.",20,1,True
"Baragash, R.S.",20,0,True
"Rosser, J.B.",20,4,True
"Taffinder, N.J.",20,4,True
"Chaudhry, A.",20,4,True
"Ahmad, N.I.N.",19,0,True
"Anderson, J.R.",19,0,True
"Brown, K.M.",19,3,True
"Gaba, D.M.",19,4,True
"Zhao, Y.",19,6,True
"Freeman, D.H.",19,5,True
"Kim, J.",19,3,True
"Al-Emran, M.",19,1,True
"Lee, K.",19,0,True
"Álvarez-Marín, A.",19,0,True
"Bursali, H.",19,0,True
"Chen, R.",19,0,True
"Barroso Osuna, J.M.",19,0,True
"Korndorffer, J.R.",19,4,True
"Sweller, J.",18,6,True
"Berns, A.",18,1,True
"Estai, M.A.",18,0,True
"Kaminska, D.",18,6,True
"Codd, A.M.",18,6,True
"Aguayo, C.",18,1,True
"Chen, C.C.",18,0,True
"Anderson, J.C.",18,1,True
"de Jong, T.A.J.M.",18,1,True
"Banakou, D.",18,1,True
"Baxter, G.J.",18,1,True
"Slater, M.",18,5,True
"Chirico, A.",18,5,True
"Adams, R.",18,2,True
"Botden, S.M.B.I.",18,4,True
"Vassiliou, M.C.",18,4,True
"Cuendet, S.",18,0,True
"Madan, A.K.",18,4,True
"Carter, F.J.",18,4,True
"Chu, H.",18,0,True
"Münz, Y.",18,4,True
"Figert, P.L.",18,4,True
"Hamilton, E.C.",18,4,True
"Anastakis, D.J.",18,4,True
"Liaw, S.Y.",17,,False
"Bogomolova, K.",17,3,True
"Brydges, R.",17,6,True
"Marougkas, A.",17,6,True
"Elmqaddem, N.",17,0,True
"Pellas, N.",17,0,True
"Zhao, J.",17,6,True
"Browning, M.H.E.M.",17,5,True
"Aker, M.",17,4,True
"Garg, A.X.",17,6,True
"Stepan, K.O.",17,6,True
"Maresky, H.S.",17,6,True
"Kim, M.",17,,False
"Zirkle, M.S.",17,6,True
"Colt, H.G.",17,4,True
"Wiet, G.J.",17,6,True
"Abdullah, F.",17,1,True
"Çakiroğlu, Ü.",17,1,True
"McDougall, E.M.",17,4,True
"Chen, Y.C.",17,0,True
"Moorthy, K.M.",17,4,True
"Sutherland, L.M.",17,4,True
"Huang, T.",16,5,True
"Chen, H.",16,1,True
"Al-Saud, L.M.",16,5,True
"Chun, D.M.",16,1,True
"Gurusamy, K.S.",16,4,True
"Joda, T.",16,5,True
"Anderson, A.P.",16,5,True
"Çoban, M.",16,1,True
"Bekele, M.K.",16,0,True
"Bonde, M.T.",16,1,True
"Christopoulos, A.",16,1,True
"Chen, M.R.A.",16,1,True
"Parsons, T.D.",16,5,True
"Alam, A.",16,1,True
"Albrecht, U.V.",16,0,True
"Bodzin, A.M.",16,1,True
"Burdea, G.C.",16,,False
"Csíkszentmihályi, M.",16,0,True
"Cuschieri, A.",16,4,True
"Barkley, R.A.",16,2,True
"Darzi, A.W.",16,4,True
"Dickey, M.D.",16,1,True
"Parong, J.",15,6,True
"Mao, R.Q.",15,6,True
"Saab, M.M.",15,3,True
"Bagozzi, R.P.",15,1,True
"Brooks, B.M.",15,,False
"Ayres, P.L.",15,1,True
"Jiang, H.",15,6,True
"Berg, H.",15,3,True
"Abrahamson, D.",15,1,True
"Bartlett, J.D.",15,4,True
"Maples-Keller, J.L.",15,5,True
"Dyer, E.J.",15,3,True
"Baranowski, T.",15,,False
"Dwivedi, Y.K.",15,1,True
"Wang, M.",15,6,True
"Crompton, H.",15,0,True
"Alzahrani, N.M.",15,0,True
"Palter, V.N.",15,4,True
"Chernikova, O.",15,1,True
"Alrehaili, E.A.",15,1,True
"Park, S.",15,6,True
"Kennedy, R.S.",15,,False
"Chen, T.",15,,False
"Billingsley, G.M.",15,1,True
"Alibali, M.W.",15,1,True
"Cheng, A.",15,1,True
"Ainsworth, S.E.",15,0,True
"Atesok, K.I.",15,4,True
"Freitas de, S.I.",15,0,True
"Bellini, S.",15,3,True
"Barak, M.I.",15,0,True
"Barreira, J.",15,0,True
"Baker, S.C.",15,1,True
"Dhimolea, T.K.",15,1,True
