Country,Category,Country documents,Country-category documents,RCA,Bootstrap 95% CI lower,Bootstrap 95% CI upper,Bootstrap replicates,Minimum country N
USA,VR,1881,1390,1.119371024187158,1.0939959026093062,1.1465361538663827,1000,10
USA,AR,1881,215,0.5561497812808143,0.4930485984957677,0.6189292578728409,1000,10
USA,MR,1881,134,1.3922713981924508,1.2024522431105045,1.5830070011729116,1000,10
USA,XR,1881,48,1.375790573612715,1.0292047195976337,1.7184229905087183,1000,10
USA,Hybrid/Multi-technology,1881,94,0.7735984124728262,0.6338544474630398,0.9184525845747402,1000,10
China,VR,855,662,1.17284313642171,1.1303766928688341,1.2149048857057791,1000,10
China,AR,855,114,0.6487551867219917,0.5379267391336882,0.7592952075027556,1000,10
China,MR,855,31,0.7086038011695907,0.47120660035977785,0.9598540237497835,1000,10
China,XR,855,7,0.4413994757007461,0.13412389975436526,0.7809830785575748,1000,10
China,Hybrid/Multi-technology,855,41,0.742325285160095,0.5359447454418571,0.9480506968534504,1000,10
Spain,VR,466,224,0.7281320665932532,0.6606513545767985,0.7935852691861947,1000,10
Spain,AR,466,168,1.7541449254714798,1.5548906394615432,1.9615395312002781,1000,10
Spain,MR,466,22,0.9226663090128756,0.5491161009201229,1.3132956431979896,1000,10
Spain,XR,466,5,0.5784741749297024,0.1204674728369407,1.1580763655295572,1000,10
Spain,Hybrid/Multi-technology,466,47,1.5613075256023456,1.1764855247149504,1.9550749084013335,1000,10
UK,VR,450,347,1.1680596372248238,1.106294785459878,1.221663792407868,1000,10
UK,AR,450,42,0.4541286307053942,0.3309765650062677,0.5892526674026127,1000,10
UK,MR,450,32,1.3897777777777778,0.9670771479982007,1.8900719223045892,1000,10
UK,XR,450,10,1.1980842911877394,0.523915997250479,1.9258218591319636,1000,10
UK,Hybrid/Multi-technology,450,19,0.6536083608360836,0.3963306952227477,0.962491118622853,1000,10
Taiwan,VR,429,257,0.9074524700231145,0.8447058520496871,0.9773242847602465,1000,10
Taiwan,AR,429,140,1.587862345123756,1.3747574419160937,1.7739615585296011,1000,10
Taiwan,MR,429,8,0.36445221445221443,0.13159624123780989,0.6403966783497025,1000,10
Taiwan,XR,429,3,0.37701953219194595,0.0,0.8674319145149715,1000,10
Taiwan,Hybrid/Multi-technology,429,21,0.7577719310392578,0.4640754860061789,1.0896917033308988,1000,10
South Korea,VR,382,265,1.050825412579479,0.9782384369063096,1.1204376466390762,1000,10
South Korea,AR,382,55,0.7005537029393236,0.5368347493530339,0.8823486045310027,1000,10
South Korea,MR,382,21,1.0743946335078534,0.678613152914441,1.5596922406109666,1000,10
South Korea,XR,382,9,1.2702202563639646,0.5339839092837335,2.161620530528358,1000,10
South Korea,Hybrid/Multi-technology,382,32,1.29677051474781,0.877734287136572,1.7391665351732803,1000,10
Germany,VR,363,244,1.0181956968211245,0.9465623099831147,1.0847611724713855,1000,10
Germany,AR,363,57,0.764029868660197,0.5970760075932556,0.9517548878706107,1000,10
Germany,MR,363,20,1.0767906336088153,0.6686240547027639,1.5118271961348315,1000,10
Germany,XR,363,12,1.7822741521801082,0.9607609787956635,2.7810300420715164,1000,10
Germany,Hybrid/Multi-technology,363,30,1.2793552082480977,0.8624526692447194,1.7122263679038505,1000,10
Indonesia,VR,317,99,0.47306845369836,0.3957604357724232,0.5451568819772028,1000,10
Indonesia,AR,317,196,3.008423105619331,2.775982962066401,3.2633829365105878,1000,10
Indonesia,MR,317,3,0.18495662460567824,0.0,0.41052689955703014,1000,10
Indonesia,XR,317,2,0.34015011421733926,0.0,0.8895906514201046,1000,10
Indonesia,Hybrid/Multi-technology,317,17,0.8301683480650904,0.4796859532273347,1.2129528163194467,1000,10
Australia,VR,261,181,1.050475973058199,0.9616477949448158,1.1286723807557222,1000,10
Australia,AR,261,29,0.5406293222683264,0.3740113754347524,0.7354643858329779,1000,10
Australia,MR,261,32,2.396168582375479,1.6759580026314944,3.145853749129829,1000,10
Australia,XR,261,8,1.6525300568106749,0.6616085707644285,2.8076767822210402,1000,10
Australia,Hybrid/Multi-technology,261,11,0.6524221387656007,0.3009027314127425,1.0619129754432812,1000,10
Canada,VR,253,209,1.2513356594752842,1.1816209443382466,1.3190088044319321,1000,10
Canada,AR,253,21,0.40386933560756405,0.244840956815968,0.5654240834963838,1000,10
Canada,MR,253,9,0.6952322134387352,0.2960763985227486,1.181944082528145,1000,10
Canada,XR,253,3,0.6392939893689518,0.0,1.3931376173848549,1000,10
Canada,Hybrid/Multi-technology,253,11,0.6730520878174774,0.3097102690763914,1.0900562141568744,1000,10
Malaysia,VR,243,86,0.536093119870503,0.4550753083591224,0.6239448318031335,1000,10
Malaysia,AR,243,126,2.52293683725219,2.225858149871146,2.8168527542347688,1000,10
Malaysia,MR,243,6,0.4825617283950617,0.14613517489417163,0.886245430182821,1000,10
Malaysia,XR,243,3,0.6656023839931885,0.0,1.5291001045853498,1000,10
Malaysia,Hybrid/Multi-technology,243,22,1.4014994092001793,0.9129437273567355,1.9677096728113415,1000,10
Turkey,VR,242,119,0.7448685732892243,0.6554692076830732,0.8451996627292416,1000,10
Turkey,AR,242,88,1.769332327423614,1.469380428529783,2.0657523856882016,1000,10
Turkey,MR,242,5,0.4037964876033058,0.08427100925770413,0.7827955423676006,1000,10
Turkey,XR,242,1,0.22278426902251353,0.0,0.7541834169327657,1000,10
Turkey,Hybrid/Multi-technology,242,29,1.8550650519597416,1.235331093820855,2.52029180140283,1000,10
Italy,VR,201,134,1.0098498304537382,0.9057504101624451,1.105974779642153,1000,10
Italy,AR,201,33,0.798840341859169,0.5574078194322866,1.053476711213844,1000,10
Italy,MR,201,16,1.5557213930348257,0.8520043926799244,2.328544290285408,1000,10
Italy,XR,201,7,1.8775947846972034,0.6181705646596534,3.2673276010970764,1000,10
Italy,Hybrid/Multi-technology,201,11,0.8471750160090636,0.40723318468021114,1.3909669363355612,1000,10
Netherlands,VR,172,134,1.1801152088441942,1.0911584470860185,1.2748874136463508,1000,10
Netherlands,AR,172,14,0.39604241049889033,0.21190600367588705,0.5859479839283741,1000,10
Netherlands,MR,172,10,1.1362645348837208,0.4739594090878204,1.8529821974539569,1000,10
Netherlands,XR,172,5,1.5672614274258219,0.3345571538080272,3.100229066837409,1000,10
Netherlands,Hybrid/Multi-technology,172,9,0.8100103615012665,0.34662699087879484,1.3265774994319905,1000,10
Japan,VR,166,121,1.1041430375141774,1.0008899015370514,1.211649026995334,1000,10
Japan,AR,166,20,0.5862245663150528,0.3548455262625466,0.8542925798408241,1000,10
Japan,MR,166,8,0.9418674698795181,0.3418934248418001,1.6402173180279789,1000,10
Japan,XR,166,3,0.974345658496053,0.0,2.253863399544122,1000,10
Japan,Hybrid/Multi-technology,166,14,1.305558869139926,0.6781542687760684,2.003613947352556,1000,10
