Author 1,Author 2,Co-citing documents,Cluster
"Akçayir, M.","Azuma, R.T.",100,0
"Akçayir, M.","Bacca, J.",68,0
"Azuma, R.T.","Bacca, J.",61,0
"Azuma, R.T.","Billinghurst, M.",60,0
"Grantcharov, T.P.","Seymour, N.E.",48,4
"Gallagher, A.G.","Grantcharov, T.P.",44,4
"Azuma, R.T.","Cheng, K.",40,0
"Gallagher, A.G.","Seymour, N.E.",34,4
"Azuma, R.T.","Bower, M.G.",31,0
"Azuma, R.T.","Bujak, K.R.",31,0
"Azuma, R.T.","Cai, S.",31,0
"Akçayir, M.","Cai, S.",28,0
"Aggarwal, R.","Grantcharov, T.P.",28,4
"Akçayir, M.","Billinghurst, M.",28,0
"Ahlberg, G.","Grantcharov, T.P.",27,4
"Azuma, R.T.","Milgram, P.",26,0
"Akçayir, M.","Bower, M.G.",26,0
"Ahlberg, G.","Seymour, N.E.",25,4
"Akçayir, M.","Arıcı, F.",23,0
"Aggarwal, R.","Gallagher, A.G.",22,4
"Arıcı, F.","Azuma, R.T.",22,0
"Aggarwal, R.","Seymour, N.E.",21,4
"Bacca, J.","Billinghurst, M.",20,0
"Billinghurst, M.","Bujak, K.R.",20,0
"Azuma, R.T.","Chen, C.",19,0
"Akçayir, M.","Cheng, K.",19,0
"Akçayir, M.","Bujak, K.R.",19,0
"Bacca, J.","Bujak, K.R.",18,0
"Billinghurst, M.","Bower, M.G.",17,0
"Bacca, J.","Bower, M.G.",17,0
"Grantcharov, T.P.","Hyltander, A.G.",17,4
"Bujak, K.R.","Cai, S.",17,0
"Scott, D.J.","Seymour, N.E.",17,4
"Azuma, R.T.","Dunleavy, M.",17,0
"Akçayir, M.","Garzón, J.",16,0
"Grantcharov, T.P.","Satava, R.M.M.D.",16,4
"Bacca, J.","Cheng, K.",15,0
"Satava, R.M.M.D.","Seymour, N.E.",15,4
"Azuma, R.T.","Chen, C.H.",15,0
"Azuma, R.T.","Chang, K.E.",15,0
"Azuma, R.T.","Wu, H.K.",15,0
"Ahlberg, G.","Gallagher, A.G.",15,4
"Akçayir, M.","Buchner, J.",14,0
"Azuma, R.T.","Chiang, T.H.C.",14,0
"Billinghurst, M.","Cai, S.",14,0
"Arvanitis, T.N.","Azuma, R.T.",14,0
"Azuma, R.T.","Carmigniani, J.",14,0
"Derossis, A.M.","Gallagher, A.G.",14,4
"Fried, G.M.","Gallagher, A.G.",14,4
"Akçayir, M.","Chiang, T.H.C.",14,0
"Gallagher, A.G.","Jordan, J.A.",14,4
"Grantcharov, T.P.","Schijven, M.P.",13,4
"Azuma, R.T.","Chen, Y.",13,0
"Chang, S.","Chien, S.",13,1
"Fried, G.M.","Seymour, N.E.",13,4
"Bacca, J.","Bressler, D.M.",13,0
"Akçayir, M.","Alkhattabi, M.A.",13,0
"Akçayir, M.","Chen, C.H.",13,0
"Cai, S.","Chang, S.",12,0
"Fried, G.M.","Grantcharov, T.P.",12,4
"Grantcharov, T.P.","Jordan, J.A.",12,4
"Schijven, M.P.","Seymour, N.E.",12,4
"Bujak, K.R.","Cheng, K.",12,0
"Gallagher, A.G.","Hyltander, A.G.",12,4
"Billinghurst, M.","Cheng, K.",12,0
"Azuma, R.T.","Di Serio, A.",12,0
"Azuma, R.T.","Garzón, J.",12,0
"Grantcharov, T.P.","Hamilton, E.C.",12,4
"Aggarwal, R.","Scott, D.J.",12,4
"Azuma, R.T.","Chang, S.",11,0
"Akçayir, M.","Álvarez-Marín, A.",11,0
"Chen, C.H.","Cheng, K.",11,0
"Aggarwal, R.","Stefanidis, D.",11,4
"Akçayir, M.","Altmeyer, K.",11,0
"Gallagher, A.G.","Satava, R.M.M.D.",11,4
"Andújar Márquez, J.M.","Azuma, R.T.",11,0
"Azuma, R.T.","Chang, H.Y.",11,0
"Grantcharov, T.P.","Larsen, C.R.",11,4
"Hyltander, A.G.","Seymour, N.E.",11,4
"Altmeyer, K.","Azuma, R.T.",11,0
"Gallagher, A.G.","Scott, D.J.",11,4
"Azuma, R.T.","Barreira, J.",10,0
"Akçayir, M.","Alalwan, N.",10,0
"Chang, S.","Chen, C.H.",10,1
"Azuma, R.T.","Ibáñez, M.B.",10,0
"Grantcharov, T.P.","Scott, D.J.",10,4
"Grantcharov, T.P.","Münz, Y.",10,4
"Aggarwal, R.","Larsen, C.R.",10,4
"Bacca, J.","Chen, C.H.",10,0
"Chang, K.E.","Cheng, K.",10,0
"Azuma, R.T.","Radu, I.W.",10,0
"Akçayir, M.","Chen, P.",10,0
"Bower, M.G.","Cheng, K.",10,0
"Akçayir, M.","Dunleavy, M.",10,0
"Chang, S.","Cheng, K.",10,1
"Aebersold, M.L.","Foronda, C.L.",10,3
"Azuma, R.T.","Buchner, J.",10,0
"Akçayir, M.","Chang, S.",10,0
"Akçayir, M.","Cabero-Almenara, J.",9,0
"Akçayir, M.","Braun, V.",9,0
"Azuma, R.T.","Cuendet, S.",9,0
"Azuma, R.T.","Chen, Y.C.",9,0
"Chang, S.","Chen, Y.",9,1
"Akçayir, M.","Chen, Y.",9,0
"Bridges, M.A.","Gallagher, A.G.",9,4
"Cheng, K.","Dunleavy, M.",9,0
"Arıcı, F.","Bacca, J.",9,0
"Azuma, R.T.","Chen, P.",9,0
"Bacca, J.","Chiang, T.H.C.",9,0
"Münz, Y.","Seymour, N.E.",9,4
"Martin, J.A.","Reznick, R.K.",9,4
"Makransky, G.","Merchant, Z.H.",9,6
"Bacca, J.","Cai, S.",9,0
"Bacca, J.","Barab, S.A.",9,0
"Chaudhry, A.","Gallagher, A.G.",9,4
"Gallagher, A.G.","Rosser, J.B.",9,4
"Aggarwal, R.","Satava, R.M.M.D.",9,4
"Aggarwal, R.","Ahlberg, G.",9,4
"Aggarwal, R.","Gurusamy, K.S.",9,4
"Dunleavy, M.","Klopfer, E.",9,0
"Cook, D.A.","McGaghie, W.C.",9,6
"Chen, Y.","Cheng, K.",9,1
"Chen, C.","Chiang, T.H.C.",9,0
"Billinghurst, M.","Bressler, D.M.",8,0
"Bailenson, J.N.","Blascovich, J.J.",8,1
"Butt, A.L.","Chang, C.Y.",8,3
"Bacca, J.","Cabero-Almenara, J.",8,0
"Azuma, R.T.","Balog, A.",8,0
"Azuma, R.T.","Chang, Y.",8,0
"Bower, M.G.","Bujak, K.R.",8,0
"Bower, M.G.","Bressler, D.M.",8,0
"Abdinejad, M.","Azuma, R.T.",8,0
"Cai, S.","Cheng, K.",8,0
"Gallagher, A.G.","Taffinder, N.J.",8,4
"Grantcharov, T.P.","Madan, A.K.",8,4
"Grantcharov, T.P.","Rosser, J.B.",8,4
"Andreatta, P.B.","Seymour, N.E.",8,4
"Grantcharov, T.P.","Taffinder, N.J.",8,4
"Anderson, P.L.","Botella, C.M.",8,5
"Andersen, S.A.W.","Brydges, R.",8,6
"Andersen, S.A.W.","Zhao, Y.",8,6
"Jordan, J.A.","Seymour, N.E.",8,4
"Larsen, C.R.","Seymour, N.E.",8,4
"Alibali, M.W.","Barsalou, L.W.",8,1
"Radu, I.W.","Wu, H.K.",8,0
"Reznick, R.K.","Seymour, N.E.",8,4
"Seymour, N.E.","Stefanidis, D.",8,4
"Albus, P.","Araiza-Alba, P.",8,1
"Abdinejad, M.","Akçayir, M.",8,0
"Azuma, R.T.","Davis, F.D.",8,0
"Akçayir, M.","Davis, F.D.",8,0
"Chen, F.","Choi, J.",8,3
"Ahlberg, G.","Larsen, C.R.",8,4
"Akçayir, M.","Ibáñez, M.B.",8,0
"Aggarwal, R.","Schijven, M.P.",8,4
"Derossis, A.M.","Grantcharov, T.P.",8,4
"Cheng, K.","Chiang, T.H.C.",8,0
"Aggarwal, R.","Carter, F.J.",8,4
"Akçayir, M.","Wu, H.K.",8,0
"Ahlberg, G.","Stefanidis, D.",8,4
"Akçayir, M.","Baragash, R.S.",8,0
"Akçayir, M.","Bressler, D.M.",8,0
"Chang, C.Y.","Chang, S.",8,3
"Ahlberg, G.","Hyltander, A.G.",8,4
"Azuma, R.T.","Barab, S.A.",7,0
"Akçayir, M.","Chang, Y.",7,0
"Alalwan, N.","Araiza-Alba, P.",7,0
"Azuma, R.T.","Dede, C.J.",7,0
"Altmeyer, K.","Cai, S.",7,0
"Alfadil, M.","Baceviciute, S.",7,1
"Alfadil, M.","Chang, S.",7,1
"Azuma, R.T.","Bursali, H.",7,0
"Azuma, R.T.","Bandura, A.",7,0
"Bacca, J.","Di Serio, A.",7,0
"Atesok, K.I.","Cannon, W.D.",7,4
"Brown, K.M.","Foronda, C.L.",7,3
"Chen, C.","Cheng, K.",7,0
"Cai, S.","Chen, C.",7,0
"Chang, H.Y.","Cheng, K.",7,0
"Chang, S.","Chen, C.",7,1
"Chang, Y.","Chen, F.",7,3
"Chang, Y.","Cheng, K.",7,3
"Chang, Y.","Chiang, T.H.C.",7,3
"Chaudhry, A.","Derossis, A.M.",7,4
"Chen, C.","Chen, C.H.",7,0
"Chen, C.H.","Chen, Y.",7,0
"Chen, C.H.","Chien, S.",7,0
"Cheng, K.","Di Serio, A.",7,0
"Aggarwal, R.","Reznick, R.K.",7,4
"Dalgarno, B.","Dede, C.J.",7,1
"Figert, P.L.","Gallagher, A.G.",7,4
"Fried, G.M.","Scott, D.J.",7,4
"Gallagher, A.G.","Stefanidis, D.",7,4
"Gallagher, A.G.","Haluck, R.S.",7,4
"Gallagher, A.G.","Schijven, M.P.",7,4
"Gallagher, A.G.","Reznick, R.K.",7,4
"Grantcharov, T.P.","Reznick, R.K.",7,4
"Grantcharov, T.P.","Moorthy, K.M.",7,4
"Grantcharov, T.P.","Haluck, R.S.",7,4
"Hyltander, A.G.","Schijven, M.P.",7,4
"Madan, A.K.","Seymour, N.E.",7,4
"Wiet, G.J.","Zhao, Y.",7,6
"Wiet, G.J.","Zirkle, M.S.",7,6
"Cai, S.","Chiang, T.H.C.",7,0
"Alalwan, N.","Bacca, J.",7,0
"Bailenson, J.N.","Bowman, D.A.",7,1
"Ahn, S.J.G.","Bailey, J.O.",7,1
"Abdinejad, M.","Bacca, J.",7,0
"Cabero-Almenara, J.","Cai, S.",7,0
"Bacca, J.","Chang, Y.",7,0
"Billinghurst, M.","Di Serio, A.",7,0
"Alalwan, N.","Arıcı, F.",7,0
"Billinghurst, M.","Brown, J.S.",7,0
"Botella, C.M.","Bouchard, S.A.",7,5
"Brown, J.S.","Cheng, K.",7,0
"Bower, M.G.","Chang, S.",7,0
"Bandura, A.","Cai, S.",7,0
"Billinghurst, M.","Chen, C.",7,0
"Billinghurst, M.","Dunleavy, M.",7,0
"Andreatta, P.B.","Grantcharov, T.P.",6,4
"Baker, S.C.","Kamel Boulos, M.N.",6,1
"Grantcharov, T.P.","Stefanidis, D.",6,4
"Banos, R.M.","Botella, C.M.",6,5
"Hamilton, E.C.","Seymour, N.E.",6,4
"Garzón, J.","Radu, I.W.",6,0
"Barteit, S.","Chen, F.",6,3
"Gallagher, A.G.","Madan, A.K.",6,4
"Grantcharov, T.P.","Korndorffer, J.R.",6,4
"Cai, S.","Dunleavy, M.",6,0
"Andersen, S.A.W.","Cook, D.A.",6,6
"Hamilton, E.C.","Hyltander, A.G.",6,4
"Billinghurst, M.","Carmigniani, J.",6,0
"Andersen, S.A.W.","Reznick, R.K.",6,6
"Anastakis, D.J.","Derossis, A.M.",6,4
"Anastakis, D.J.","Reznick, R.K.",6,4
"Korndorffer, J.R.","Seymour, N.E.",6,4
"Larsen, C.R.","Stefanidis, D.",6,4
"Bacca, J.","Dunleavy, M.",6,0
"Alfadil, M.","Chen, Y.",6,1
"Makransky, G.","Radianti, J.",6,6
"Moorthy, K.M.","Reznick, R.K.",6,4
"Albus, P.","Baceviciute, S.",6,1
"Bacca, J.","Álvarez-Marín, A.",6,0
"Gallagher, A.G.","Korndorffer, J.R.",6,4
"Farra, S.L.","Foronda, C.L.",6,3
"Gallagher, A.G.","Larsen, C.R.",6,4
"Azuma, R.T.","Álvarez-Marín, A.",6,0
"Cai, S.","Chen, C.H.",6,0
"Carter, F.J.","Grantcharov, T.P.",6,4
"Chang, H.Y.","Chen, Y.",6,0
"Chang, H.Y.","Chiang, T.H.C.",6,0
"Chang, S.","Chen, M.R.A.",6,1
"Azuma, R.T.","Bressler, D.M.",6,0
"Bridges, M.A.","Fried, G.M.",6,4
"Azuma, R.T.","Chu, H.",6,0
"Bowman, D.A.","Buttussi, F.",6,1
"Chang, Y.","Chen, C.H.",6,3
"Azuma, R.T.","Baragash, R.S.",6,0
"Chen, C.","Chen, Y.",6,0
"Bacca, J.","Chen, C.",6,0
"Chen, M.R.A.","Chen, Y.",6,1
"Chen, M.R.A.","Chien, S.",6,1
"Azuma, R.T.","Belda-Medina, J.",6,0
"Azuma, R.T.","Brown, J.S.",6,0
"Chittaro, L.","Dalgarno, B.",6,1
"Cook, D.A.","Issenberg, S.B.",6,6
"Derossis, A.M.","Fried, G.M.",6,4
"Azuma, R.T.","Cabero-Almenara, J.",6,0
"Derossis, A.M.","Seymour, N.E.",6,4
"Di Serio, A.","Dunleavy, M.",6,0
"Cai, S.","Ibáñez, M.B.",6,0
"Billinghurst, M.","Chang, K.E.",6,0
"Bacca, J.","Radu, I.W.",6,0
"Zhao, Y.","Zirkle, M.S.",6,6
"Adams, R.","Barkley, R.A.",6,2
"Akçayir, M.","Belda-Medina, J.",6,0
"Aggarwal, R.","Fried, G.M.",6,4
"Akçayir, M.","Radu, I.W.",6,0
"Akçayir, M.","Bandura, A.",6,0
"Akçayir, M.","Chang, H.Y.",6,0
"Ajzen, I.","Akçayir, M.",6,1
"Akçayir, M.","Bursali, H.",6,0
"Akçayir, M.","Balog, A.",6,0
"Aggarwal, R.","Andreatta, P.B.",6,4
"Akçayir, M.","Allcoat, D.",6,0
"Ahlberg, G.","Fried, G.M.",6,4
"Ahlberg, G.","Schijven, M.P.",6,4
"Bracq, M.S.","Chen, F.",5,3
"Arıcı, F.","Cai, S.",5,0
"Bower, M.G.","Milgram, P.",5,0
"Bressler, D.M.","Chang, H.Y.",5,0
"Bressler, D.M.","Cheng, K.",5,0
"Arıcı, F.","Buchner, J.",5,0
"Aggarwal, R.","Kneebone, R.L.",5,4
"Ibáñez, M.B.","Wu, H.K.",5,0
"Ibáñez, M.B.","Milgram, P.",5,0
"Arvanitis, T.N.","Billinghurst, M.",5,0
"Braun, V.","Chang, S.",5,3
"Chun, D.M.","Dhimolea, T.K.",5,1
"Annetta, L.A.","Barab, S.A.",5,1
"Bower, M.G.","Cai, S.",5,0
"Araiza-Alba, P.","Calvert, J.",5,1
"Brydges, R.","Cook, D.A.",5,6
"Bridges, M.A.","Scott, D.J.",5,4
"Altmeyer, K.","Bacca, J.",5,0
"Chen, F.","Dubovi, I.",5,3
"Chen, F.","Foronda, C.L.",5,3
"McDougall, E.M.","Seymour, N.E.",5,4
"Alkhattabi, M.A.","Azuma, R.T.",5,0
"Allcoat, D.","Araiza-Alba, P.",5,1
"Abrahamson, D.","Alibali, M.W.",5,1
"Cai, S.","Chen, Y.",5,0
"Chen, Y.","Chien, S.",5,1
"Madan, A.K.","Münz, Y.",5,4
"Chen, Y.","Davis, F.D.",5,1
"Ahmad, N.I.N.","Cai, S.",5,0
"Lee, E.A.L.","Merchant, Z.H.",5,6
"Andersen, S.A.W.","Wiet, G.J.",5,6
"Anderson, A.P.","Browning, M.H.E.M.",5,5
"Bujak, K.R.","Chang, K.E.",5,0
"Ahmad, N.I.N.","Bujak, K.R.",5,0
"Anderson, P.L.","Banos, R.M.",5,5
"Anderson, P.L.","Bouchard, S.A.",5,5
"Brown, K.M.","Choi, J.",5,3
"Andújar Márquez, J.M.","Bujak, K.R.",5,0
"Brown, J.S.","Chen, C.H.",5,0
"Hamilton, E.C.","Münz, Y.",5,4
"Hamilton, E.C.","Jordan, J.A.",5,4
"Bacca, J.","Wu, H.K.",5,0
"Ainsworth, S.E.","Azuma, R.T.",5,0
"Grantcharov, T.P.","Gurusamy, K.S.",5,4
"Bacca, J.","Cuendet, S.",5,0
"Billinghurst, M.","Chen, C.H.",5,0
"Aebersold, M.L.","Butt, A.L.",5,3
"Derossis, A.M.","Scott, D.J.",5,4
"Aggarwal, R.","Korndorffer, J.R.",5,4
"Garzón, J.","Milgram, P.",5,0
"Aggarwal, R.","Darzi, A.W.",5,4
"Bailenson, J.N.","Biocca, F.A.",5,1
"Bailenson, J.N.","Barab, S.A.",5,1
"Barreira, J.","Dunleavy, M.",5,0
"Figert, P.L.","Grantcharov, T.P.",5,4
"Bailenson, J.N.","Bailey, J.O.",5,1
"Barab, S.A.","Brown, J.S.",5,1
"Aggarwal, R.","Sutherland, L.M.",5,4
"Fried, G.M.","Stefanidis, D.",5,4
"Bacca, J.","Ibáñez, M.B.",5,0
"Derossis, A.M.","Rosser, J.B.",5,4
"Hamilton, E.C.","Scott, D.J.",5,4
"Bacca, J.","Chang, H.Y.",5,0
"Aggarwal, R.","Hyltander, A.G.",5,4
"Cuschieri, A.","Gallagher, A.G.",5,4
"Azuma, R.T.","Barsom, E.Z.",5,0
"Akçayir, M.","Chen, Y.C.",5,0
"Ahn, S.J.G.","Biocca, F.A.",5,1
"Azuma, R.T.","Carbonell-Carrera, C.",5,0
"Azuma, R.T.","Barak, M.I.",5,0
"Azuma, R.T.","Duenser, A.",5,0
"Billinghurst, M.","Chen, Y.",5,0
"Billinghurst, M.","Chen, P.",5,0
"Billinghurst, M.","Braun, V.",5,0
"Azuma, R.T.","Braun, V.",5,0
"Aebersold, M.L.","Chen, F.",5,3
"Aebersold, M.L.","Fealy, S.M.",5,3
"Bacca, J.","Buchner, J.",5,0
"Akçayir, M.","Brown, J.S.",5,0
"Bacca, J.","Bekele, M.K.",5,0
"Merchant, Z.H.","Radianti, J.",5,6
"Bressler, D.M.","Cai, S.",5,0
"Aggarwal, R.","Issenberg, S.B.",5,4
"Abdinejad, M.","Arıcı, F.",5,0
"Seymour, N.E.","Taffinder, N.J.",5,4
"Alhalabi, W.S.","Araiza-Alba, P.",5,1
"Ahlberg, G.","Satava, R.M.M.D.",5,4
"Alalwan, N.","Cai, S.",5,0
"Aguayo, C.","Akçayir, M.",5,1
"Scott, D.J.","Stefanidis, D.",5,4
"Chaudhry, A.","Grantcharov, T.P.",5,4
"Alfadil, M.","Barrett, A.J.",5,1
"Ahlberg, G.","Hamilton, E.C.",5,4
"Albus, P.","Andersen, M.S.",5,1
"Satava, R.M.M.D.","Scott, D.J.",5,4
"Carter, F.J.","Gallagher, A.G.",5,4
"Rosser, J.B.","Seymour, N.E.",5,4
"Reznick, R.K.","Sutherland, L.M.",5,4
"Reznick, R.K.","Scott, D.J.",5,4
"Alfadil, M.","Chen, C.",5,1
"Chang, C.Y.","Chen, C.",5,3
"Alfadil, M.","Cheng, A.",5,1
"Chen, C.","Chu, H.",5,0
"Moorthy, K.M.","Seymour, N.E.",5,4
"Chang, C.Y.","Chen, F.",5,3
"Alhalabi, W.S.","Chang, S.",5,1
"Chen, C.H.","Chiang, T.H.C.",5,0
"Alalwan, N.","Azuma, R.T.",5,0
"Aebersold, M.L.","Azuma, R.T.",4,3
"Azuma, R.T.","Bagozzi, R.P.",4,0
"Aguayo, C.","Bower, M.G.",4,1
"Akçayir, M.","Carmigniani, J.",4,0
"Hamilton, E.C.","Madan, A.K.",4,4
"Akçayir, M.","Barreira, J.",4,0
"Fried, G.M.","Münz, Y.",4,4
"Azuma, R.T.","Chen, S.",4,0
"Bouchard, S.A.","Carl, E.C.",4,5
"Azuma, R.T.","Chen, C.C.",4,0
"Akçayir, M.","Chen, C.",4,0
"Reznick, R.K.","Taffinder, N.J.",4,4
"Huang, H.","Merchant, Z.H.",4,6
"Chang, H.Y.","Chang, Y.",4,0
"Azuma, R.T.","Kamphuis, C.",4,0
"Akçayir, M.","Al-Ansi, A.M.",4,0
"Dalgarno, B.","Di Natale, A.F.",4,1
"Ahlberg, G.","Münz, Y.",4,4
"Banos, R.M.","Biocca, F.A.",4,5
"Akçayir, M.","Barak, M.I.",4,0
"Akçayir, M.","Chang, K.E.",4,0
"Akçayir, M.","Andújar Márquez, J.M.",4,0
"Davis, F.D.","Dubovi, I.",4,1
"Akçayir, M.","Anderson, J.R.",4,0
"Bower, M.G.","Brown, J.S.",4,0
"Barroso Osuna, J.M.","Bressler, D.M.",4,0
"Ajzen, I.","Al-Emran, M.",4,1
"Ibáñez, M.B.","Radu, I.W.",4,0
"Bandura, A.","Chang, Y.",4,0
"Issenberg, S.B.","Kneebone, R.L.",4,4
"Bressler, D.M.","Bujak, K.R.",4,0
"Alfadil, M.","Cheng, K.",4,1
"Issenberg, S.B.","Scott, D.J.",4,4
"Araiza-Alba, P.","Çakiroğlu, Ü.",4,1
"Araiza-Alba, P.","Chen, C.H.",4,1
"Araiza-Alba, P.","Baceviciute, S.",4,1
"Choi, J.","Saab, M.M.",4,3
"Choi, J.","Foronda, C.L.",4,3
"Braun, V.","Chen, M.",4,3
"Fried, G.M.","Korndorffer, J.R.",4,4
"Bower, M.G.","Wu, H.K.",4,0
"Arvanitis, T.N.","Arıcı, F.",4,0
"Chen, C.","Chen, X.",4,0
"Arvanitis, T.N.","Dunleavy, M.",4,0
"Fried, G.M.","Sutherland, L.M.",4,4
"Hyltander, A.G.","Satava, R.M.M.D.",4,4
"Bracq, M.S.","Chang, Y.",4,3
"Arıcı, F.","Garzón, J.",4,0
"Chang, C.Y.","Chen, C.H.",4,3
"Bower, M.G.","Chen, C.",4,0
"Bower, M.G.","Dalgarno, B.",4,0
"Bower, M.G.","Chang, H.Y.",4,0
"Albus, P.","Dalgarno, B.",4,1
"Dede, C.J.","Dunleavy, M.",4,1
"Bailenson, J.N.","Dalgarno, B.",4,1
"Bhagat, K.K.","Cai, S.",4,0
"Bacca, J.","Bandura, A.",4,0
"Grantcharov, T.P.","McDougall, E.M.",4,4
"Aggarwal, R.","Bridges, M.A.",4,4
"Bacca, J.","Barsom, E.Z.",4,0
"Chang, S.","Chittaro, L.",4,1
"Alalwan, N.","Chang, S.",4,0
"Barreira, J.","Di Serio, A.",4,0
"Bacca, J.","Chen, Y.C.",4,0
"Bacca, J.","Martín Gutiérrez, J.",4,0
"Bacca, J.","Baragash, R.S.",4,0
"Agarwal, R.","Bagozzi, R.P.",4,1
"Bellini, S.","Chang, Y.",4,3
"Aebersold, M.L.","Chang, Y.",4,3
"Belda-Medina, J.","Chen, C.H.",4,0
"Chaudhry, A.","Taffinder, N.J.",4,4
"Bacca, J.","Milgram, P.",4,0
"Chaudhry, A.","Jordan, J.A.",4,4
"Belda-Medina, J.","Cai, Y.",4,0
"Garzón, J.","Wu, H.K.",4,0
"Chang, S.","Chen, J.C.C.",4,1
"Gallagher, A.G.","Issenberg, S.B.",4,4
"Chang, Y.","Chen, C.",4,3
"Barteit, S.","Kyaw, B.M.",4,3
"Gallagher, A.G.","Hamilton, E.C.",4,4
"Alalwan, N.","Cheng, K.",4,0
"Abdinejad, M.","Cai, S.",4,0
"Azuma, R.T.","Kaufmann, H.",4,0
"Billinghurst, M.","Chang, Y.",4,0
"Azuma, R.T.","Dalgarno, B.",4,0
"Chang, Y.","Choi, J.",4,3
"Azuma, R.T.","Crompton, H.",4,0
"Ahlberg, G.","Gurusamy, K.S.",4,4
"Chang, K.E.","Chen, C.",4,0
"Billinghurst, M.","Chen, Y.C.",4,0
"Aggarwal, R.","Gaba, D.M.",4,4
"Gurusamy, K.S.","Seymour, N.E.",4,4
"Albrecht, U.V.","Azuma, R.T.",4,0
"Chang, S.","Chang, Y.",4,1
"Barab, S.A.","Dede, C.J.",4,1
"Aebersold, M.L.","Brown, K.M.",4,3
"Grantcharov, T.P.","Palter, V.N.",4,4
"Grantcharov, T.P.","Sutherland, L.M.",4,4
"Gallagher, A.G.","Münz, Y.",4,4
"Akçayir, M.","Milgram, P.",4,0
"Agarwal, R.","Davis, F.D.",4,1
"Alalwan, N.","Alzahrani, N.M.",4,0
"Billinghurst, M.","Dede, C.J.",4,0
"Alalwan, N.","Allcoat, D.",4,0
"Bacca, J.","Chen, P.",4,0
"Fealy, S.M.","Foronda, C.L.",4,3
"Akçayir, M.","Barab, S.A.",4,0
"Akçayir, M.","Bhagat, K.K.",4,0
"Billinghurst, M.","Kaufmann, H.",4,0
"Ahn, S.J.G.","Araiza-Alba, P.",4,1
"Andersen, S.A.W.","Zirkle, M.S.",4,6
"Ahlberg, G.","Bridges, M.A.",4,4
"Bujak, K.R.","Chang, S.",4,0
"Chen, S.","Zhao, J.",4,6
"Bujak, K.R.","Dunleavy, M.",4,0
"Cai, S.","Di Serio, A.",4,0
"Chen, C.C.","Hwang, G.",4,0
"Cheng, A.M.","Cook, D.A.",4,6
"Carter, F.J.","McDougall, E.M.",4,4
"Maresky, H.S.","Stepan, K.O.",4,6
"Cheng, K.","Milgram, P.",4,0
"Carter, F.J.","Seymour, N.E.",4,4
"Chen, H.","Chen, Y.",4,1
"Korndorffer, J.R.","Scott, D.J.",4,4
"Cheng, K.","Wu, H.K.",4,0
"Butt, A.L.","Fealy, S.M.",4,3
"Anderson, T.D.","Barab, S.A.",4,1
"Brydges, R.","Reznick, R.K.",4,6
"Martin, J.A.","Scott, D.J.",4,4
"Andreatta, P.B.","McDougall, E.M.",4,4
"Palter, V.N.","Seymour, N.E.",4,4
"Kneebone, R.L.","Scott, D.J.",4,4
"Chen, S.","Chen, Y.",4,6
"Madan, A.K.","Scott, D.J.",4,4
"Moro, C.","Zhao, J.",4,6
"Bujak, K.R.","Chen, Y.",4,0
"Anastakis, D.J.","Martin, J.A.",4,4
"Anastakis, D.J.","Scott, D.J.",4,4
"Anastakis, D.J.","Bridges, M.A.",4,4
"Al-Ansi, A.M.","AlGerafi, M.A.M.",4,0
"Butt, A.L.","Chang, Y.",4,3
"Chen, Y.","Cheng, A.",4,1
"Chen, C.H.","Chen, P.",4,0
"Mystakidis, S.","Wang, M.",4,6
"Buttussi, F.","Chittaro, L.",4,1
"Butt, A.L.","Chen, F.",4,3
"Bursali, H.","Chen, C.H.",4,0
"Larsen, C.R.","Palter, V.N.",4,4
"Chen, Y.","Huang, H.",4,1
"Chen, Y.","Chiang, T.H.C.",4,1
"Bujak, K.R.","Chen, C.H.",4,0
"Cabero-Almenara, J.","Chen, S.",4,0
"Cabero-Almenara, J.","Cheng, K.",4,0
"Ahmad, N.I.N.","Azuma, R.T.",4,0
"Bujak, K.R.","Chiang, T.H.C.",4,0
"Chen, J.C.C.","Chen, Y.",4,1
"Buchanan, J.A.","Perry, S.",4,5
"Butt, A.L.","Farra, S.L.",4,3
"Cheng, K.","Dalgarno, B.",4,0
"Alfadil, M.","Berns, A.",4,1
"Cant, R.P.","Cook, D.A.",4,3
"Brown, J.S.","Chang, C.Y.",4,0
"Andreatta, P.B.","Fried, G.M.",4,4
"Merchant, Z.H.","Parong, J.",4,6
"Cant, R.P.","Chen, F.",4,3
"Andújar Márquez, J.M.","Billinghurst, M.",4,0
"Cant, R.P.","Foronda, C.L.",4,3
"Ahn, S.J.G.","Ajzen, I.",4,1
"Andreatta, P.B.","Gallagher, A.G.",4,4
"Milgram, P.","Radu, I.W.",4,0
"Andújar Márquez, J.M.","Bower, M.G.",4,0
"Chen, F.","Davis, F.D.",4,3
"Kamphuis, C.","Moro, C.",4,6
"Bressler, D.M.","Chiang, T.H.C.",4,0
"Bridges, M.A.","Grantcharov, T.P.",4,4
"Chen, F.","Fealy, S.M.",4,3
"Chen, C.","Dunleavy, M.",4,0
"Bridges, M.A.","Haluck, R.S.",4,4
"Chen, F.","Saab, M.M.",4,3
"Chiang, T.H.C.","Di Serio, A.",4,0
"Carter, F.J.","Satava, R.M.M.D.",3,4
"Derossis, A.M.","Hamilton, E.C.",3,4
"Billinghurst, M.","Chen, R.",3,0
"Banos, R.M.","Bouchard, S.A.",3,5
"Cabero-Almenara, J.","Chang, H.Y.",3,0
"Ajzen, I.","Azuma, R.T.",3,1
"Chang, S.","Chen, M.",3,1
"Foronda, C.L.","Saab, M.M.",3,3
"Cabero-Almenara, J.","Chen, Y.",3,0
"Billinghurst, M.","Álvarez-Marín, A.",3,0
"Ahlberg, G.","Reznick, R.K.",3,4
"Chang, Y.","Chen, C.C.",3,3
"Freeman, D.H.","Maples-Keller, J.L.",3,5
"Bangor, A.W.","Brown, K.M.",3,3
"Chen, C.H.","Hwang, G.",3,0
"Bandura, A.","Calvert, J.",3,0
"Butt, A.L.","Dyer, E.J.",3,3
"Chen, Y.","Dede, C.J.",3,1
"Chen, Y.","Dalgarno, B.",3,1
"Butt, A.L.","Foronda, C.L.",3,3
"Buttussi, F.","Çakiroğlu, Ü.",3,1
"Aggarwal, R.","Ericsson, K.A.",3,4
"Bandura, A.","Bujak, K.R.",3,0
"Carbonell-Carrera, C.","Chang, C.Y.",3,1
"Ainsworth, S.E.","Akçayir, M.",3,0
"Carter, F.J.","Stefanidis, D.",3,4
"Fried, G.M.","Satava, R.M.M.D.",3,4
"Banos, R.M.","Bowman, D.A.",3,5
"Chaudhry, A.","Figert, P.L.",3,4
"Derossis, A.M.","Satava, R.M.M.D.",3,4
"Barreira, J.","Billinghurst, M.",3,0
"Chen, S.","Moro, C.",3,6
"Cai, Y.","Chen, C.H.",3,0
"Barsom, E.Z.","Chang, S.",3,6
"Chen, C.H.","Chen, M.R.A.",3,0
"Figert, P.L.","McDougall, E.M.",3,4
"Barsom, E.Z.","Cook, D.A.",3,6
"Barsom, E.Z.","Kamphuis, C.",3,6
"Barroso Osuna, J.M.","Cabero-Almenara, J.",3,0
"Chen, C.H.","Di Serio, A.",3,0
"Elmqaddem, N.","Garzón, J.",3,0
"Cannon, W.D.","Grantcharov, T.P.",3,4
"Cai, S.","Duenser, A.",3,0
"Ericsson, K.A.","Zhao, Y.",3,6
"Ericsson, K.A.","Gallagher, A.G.",3,6
"Calvert, J.","Chang, S.",3,1
"Barreira, J.","Bujak, K.R.",3,0
"Calvert, J.","Cheng, K.",3,1
"Chen, C.H.","Chen, R.",3,0
"Calvert, J.","Chang, C.Y.",3,1
"Chang, Y.","Chittaro, L.",3,3
"Chen, M.","Chien, S.",3,1
"Barab, S.A.","Bowman, D.A.",3,1
"Cai, S.","Hwang, G.",3,0
"Cai, S.","Chang, Y.",3,0
"Di Natale, A.F.","Dwivedi, Y.K.",3,1
"Cant, R.P.","Farra, S.L.",3,3
"Figert, P.L.","Stefanidis, D.",3,4
"Ahlberg, G.","Derossis, A.M.",3,4
"Ahlberg, G.","Rosser, J.B.",3,4
"Belda-Medina, J.","Chen, R.",3,0
"Barab, S.A.","Bressler, D.M.",3,1
"Belda-Medina, J.","Billinghurst, M.",3,0
"Cai, S.","Chu, H.",3,0
"Chang, Y.","Foronda, C.L.",3,3
"Di Serio, A.","Martín Gutiérrez, J.",3,0
"Bartlett, J.D.","Martin, J.A.",3,4
"Dubovi, I.","Farra, S.L.",3,3
"Barab, S.A.","Chang, C.",3,1
"Duenser, A.","Wu, H.K.",3,0
"Barteit, S.","Bracq, M.S.",3,3
"Barab, S.A.","Chittaro, L.",3,1
"Barteit, S.","Bernardo, A.",3,3
"Di Natale, A.F.","Makransky, G.",3,1
"Bressler, D.M.","Chen, C.",3,0
"Billinghurst, M.","Ibáñez, M.B.",3,0
"Bower, M.G.","Braun, V.",3,0
"Bower, M.G.","Chang, K.E.",3,0
"Aggarwal, R.","Derossis, A.M.",3,4
"Brown, J.S.","Chen, C.",3,0
"Cook, D.A.","Reznick, R.K.",3,6
"Chang, C.Y.","Chang, Y.",3,3
"Cheng, K.","Chien, S.",3,0
"Cook, D.A.","Sweller, J.",3,6
"Bower, M.G.","Carmigniani, J.",3,0
"Bower, M.G.","Merchant, Z.H.",3,0
"Chang, E.","Chen, C.",3,1
"Brown, J.S.","Chang, K.E.",3,0
"Cohen, J.","Dunleavy, M.",3,5
"Cook, D.A.","Moro, C.",3,6
"Carl, E.C.","Freeman, D.H.",3,5
"Chang, E.","Chen, Y.",3,1
"Bower, M.G.","Chen, Y.C.",3,0
"Brown, K.M.","Chen, F.",3,3
"Aggarwal, R.","Palter, V.N.",3,4
"Cook, D.A.","Ericsson, K.A.",3,6
"Cook, D.A.","Gallagher, A.G.",3,6
"Bower, M.G.","Çoban, M.",3,0
"Brown, K.M.","Chang, Y.",3,3
"Bower, M.G.","Dede, C.J.",3,0
"Bowman, D.A.","Slater, M.",3,1
"Chen, Y.","Cheng, Y.",3,1
"Braun, V.","Davis, F.D.",3,3
"Bressler, D.M.","Álvarez-Marín, A.",3,0
"Bridges, M.A.","Korndorffer, J.R.",3,4
"Bressler, D.M.","Chang, K.E.",3,0
"Bandura, A.","Chen, F.",3,0
"Chang, C.Y.","Dubovi, I.",3,3
"Chen, C.","Dalgarno, B.",3,0
"Bridges, M.A.","Seymour, N.E.",3,4
"Chittaro, L.","Dickey, M.D.",3,1
"Braun, V.","Chen, C.",3,3
"Braun, V.","Cabero-Almenara, J.",3,3
"Braun, V.","Cheng, K.",3,3
"Chang, C.Y.","Foronda, C.L.",3,3
"Chiang, T.H.C.","Chu, H.",3,0
"Bridges, M.A.","Derossis, A.M.",3,4
"Ahlberg, G.","Madan, A.K.",3,4
"Brown, J.S.","Dede, C.J.",3,0
"Braun, V.","Foronda, C.L.",3,3
"Chang, C.","Davis, F.D.",3,3
"Chang, C.Y.","Chien, S.",3,3
"Chu, H.","Di Serio, A.",3,0
"Cheng, K.","Chi, M.T.H.",3,0
"Braun, V.","Chen, F.",3,3
"Al-Saud, L.M.","Perry, S.",3,5
"Brydges, R.","Zhao, Y.",3,6
"Brydges, R.","Ericsson, K.A.",3,6
"Chang, K.E.","Chen, C.H.",3,0
"Aggarwal, R.","Haluck, R.S.",3,4
"Chang, H.Y.","Chen, C.",3,0
"Davis, F.D.","Di Natale, A.F.",3,1
"Davis, F.D.","Makransky, G.",3,1
"Billinghurst, M.","Chiang, T.H.C.",3,0
"Billinghurst, M.","Duenser, A.",3,0
"Carter, F.J.","Reznick, R.K.",3,4
"Chang, K.E.","Chen, C.C.",3,0
"Ahn, S.J.G.","Braun, V.",3,1
"Billinghurst, M.","Buchner, J.",3,0
"Billinghurst, M.","Cabero-Almenara, J.",3,0
"Buchner, J.","Garzón, J.",3,0
"Dede, C.J.","Merchant, Z.H.",3,1
"Bressler, D.M.","Cabero-Almenara, J.",3,0
"Bursali, H.","Cheng, K.",3,0
"Chang, K.E.","Dunleavy, M.",3,0
"Chang, K.E.","Chiang, T.H.C.",3,0
"Billinghurst, M.","Wu, H.K.",3,0
"Ahlberg, G.","Andreatta, P.B.",3,4
"Ahn, S.J.G.","Alhalabi, W.S.",3,1
"Butt, A.L.","Choi, J.",3,3
"Derossis, A.M.","Martin, J.A.",3,4
"Bujak, K.R.","Chang, Y.",3,0
"Davis, F.D.","Dunleavy, M.",3,1
"Darzi, A.W.","Martin, J.A.",3,4
"Chen, Y.C.","Dunleavy, M.",3,0
"Chang, C.","Chen, Y.",3,3
"Chang, H.Y.","Chang, K.E.",3,0
"Cummings, J.J.","Dede, C.J.",3,1
"Ahn, S.J.G.","Albus, P.",3,1
"Chang, C.","Chen, C.",3,3
"Botella, C.M.","Carl, E.C.",3,5
"Cuschieri, A.","Jordan, J.A.",3,4
"Botden, S.M.B.I.","McDougall, E.M.",3,4
"Chang, H.Y.","Chen, C.H.",3,0
"Botden, S.M.B.I.","Martin, J.A.",3,4
"Botden, S.M.B.I.","Fried, G.M.",3,4
"Buchner, J.","Chang, S.",3,0
"Aggarwal, R.","Botden, S.M.B.I.",3,4
"Bonde, M.T.","de Jong, T.A.J.M.",3,1
"Bujak, K.R.","Di Serio, A.",3,0
"Bogomolova, K.","Moro, C.",3,3
"Dalgarno, B.","Dickey, M.D.",3,1
"Dalgarno, B.","Davis, F.D.",3,1
"Chang, H.Y.","Ibáñez, M.B.",3,0
"Birt, J.R.","Bower, M.G.",3,1
"Darzi, A.W.","Gallagher, A.G.",3,4
"Carl, E.C.","Maples-Keller, J.L.",3,5
"Fried, G.M.","Moorthy, K.M.",3,4
"Bandura, A.","Chen, C.H.",3,0
"Arıcı, F.","Cheng, K.",3,0
"Akçayir, M.","Alfalah, S.F.M.",3,0
"Akçayir, M.","Alhalabi, W.S.",3,0
"Alhalabi, W.S.","Chen, C.",3,1
"Alhalabi, W.S.","Allcoat, D.",3,1
"Alhalabi, W.S.","Bailey, J.O.",3,1
"McDougall, E.M.","Schijven, M.P.",3,4
"Huang, H.","Radianti, J.",3,6
"Huang, H.","Hwang, G.",3,6
"Huang, H.","Makransky, G.",3,6
"McDougall, E.M.","Stefanidis, D.",3,4
"Arıcı, F.","Bressler, D.M.",3,0
"Arıcı, F.","Chiang, T.H.C.",3,0
"Martín Gutiérrez, J.","Wu, H.K.",3,0
"Münz, Y.","Stefanidis, D.",3,4
"Hyltander, A.G.","Jordan, J.A.",3,4
"Arıcı, F.","Bujak, K.R.",3,0
"Allcoat, D.","Buchner, J.",3,1
"Akçayir, M.","Ayres, P.L.",3,0
"Arıcı, F.","Álvarez-Marín, A.",3,0
"Arıcı, F.","Billinghurst, M.",3,0
"Martin, J.A.","Seymour, N.E.",3,4
"Akçayir, M.","Hwang, G.",3,0
"Martin, J.A.","Stefanidis, D.",3,4
"Hyltander, A.G.","Münz, Y.",3,4
"Allcoat, D.","Chang, S.",3,1
"Hyltander, A.G.","Rosser, J.B.",3,4
"Alhalabi, W.S.","Braun, V.",3,1
"Hamilton, D.","Radianti, J.",3,6
"Hamilton, D.","Marougkas, A.",3,6
"Akçayir, M.","Zhang, J.",3,0
"Akçayir, M.","Araiza-Alba, P.",3,0
"Mystakidis, S.","Park, S.",3,6
"Akçayir, M.","Elmqaddem, N.",3,0
"Alfalah, S.F.M.","Chang, S.",3,1
"Akçayir, M.","Alfadil, M.",3,0
"Moro, C.","Stepan, K.O.",3,6
"Alhalabi, W.S.","Calvert, J.",3,1
"Akçayir, M.","Merchant, Z.H.",3,0
"Haluck, R.S.","Hyltander, A.G.",3,4
"Azuma, R.T.","Chittaro, L.",3,0
"Akçayir, M.","Barsom, E.Z.",3,0
"Akçayir, M.","Cheng, Y.",3,0
"Milgram, P.","Wu, H.K.",3,0
"Azuma, R.T.","Bhagat, K.K.",3,0
"Azuma, R.T.","Pellas, N.",3,0
"Haluck, R.S.","Seymour, N.E.",3,4
"Milgram, P.","Riva, G.",3,0
"Merchant, Z.H.","Wu, H.K.",3,6
"Merchant, Z.H.","Radu, I.W.",3,6
"Azuma, R.T.","Lee, K.",3,0
"Akçayir, M.","Anderson, J.C.",3,0
"Merchant, Z.H.","Milgram, P.",3,6
"Akçayir, M.","AlGerafi, M.A.M.",3,0
"Haluck, R.S.","Hamilton, E.C.",3,4
"Azuma, R.T.","Cai, Y.",3,0
"Hyltander, A.G.","Taffinder, N.J.",3,4
"Arvanitis, T.N.","Chang, H.Y.",3,0
"Arvanitis, T.N.","Cheng, K.",3,0
"Li, Y.","Perry, S.",3,5
"Jordan, J.A.","Münz, Y.",3,4
"Andújar Márquez, J.M.","Chang, H.Y.",3,0
"Alzahrani, N.M.","Cabero-Almenara, J.",3,0
"Andreatta, P.B.","Stefanidis, D.",3,4
"Anastakis, D.J.","Colt, H.G.",3,4
"Anastakis, D.J.","Fried, G.M.",3,4
"Anastakis, D.J.","Seymour, N.E.",3,4
"Kaufmann, H.","Klopfer, E.",3,0
"Al-Ansi, A.M.","Cabero-Almenara, J.",3,0
"Anastakis, D.J.","Darzi, A.W.",3,4
"Klopfer, E.","Wu, H.K.",3,0
"Lee, J.","Perry, S.",3,5
"Abulrub, A.H.G.","Alhalabi, W.S.",3,1
"Andersen, M.S.","Araiza-Alba, P.",3,1
"Al-Ansi, A.M.","Azuma, R.T.",3,0
"Anderson, T.D.","Bower, M.G.",3,1
"Akçayir, M.","Di Serio, A.",3,0
"Al-Ansi, A.M.","Alalwan, N.",3,0
"Anderson, P.L.","Slater, M.",3,5
"Kyaw, B.M.","Moro, C.",3,6
"Larsen, C.R.","Satava, R.M.M.D.",3,4
"Andersen, S.A.W.","Ericsson, K.A.",3,6
"Kyaw, B.M.","Radianti, J.",3,6
"Anderson, A.P.","Banos, R.M.",3,5
"Kyaw, B.M.","Seymour, N.E.",3,6
"Andújar Márquez, J.M.","Cheng, K.",3,0
"Jordan, J.A.","Madan, A.K.",3,4
"Arvanitis, T.N.","Chen, Y.",3,0
"Madan, A.K.","Satava, R.M.M.D.",3,4
"Arvanitis, T.N.","Chen, C.",3,0
"Akçayir, M.","Martín Gutiérrez, J.",3,0
"Araiza-Alba, P.","Chang, S.",3,1
"Araiza-Alba, P.","Davis, F.D.",3,1
"Araiza-Alba, P.","Bressler, D.M.",3,1
"Allcoat, D.","Chang, C.Y.",3,1
"Allcoat, D.","Bailenson, J.N.",3,1
"Araiza-Alba, P.","Barreda-Ángeles, M.",3,1
"Makransky, G.","Sweller, J.",3,6
"Issenberg, S.B.","Sutherland, L.M.",3,4
"Araiza-Alba, P.","Bacca, J.",3,1
"Issenberg, S.B.","Reznick, R.K.",3,4
"Abrahamson, D.","Barsalou, L.W.",3,1
"Makransky, G.","Parong, J.",3,6
"Araiza-Alba, P.","Buttussi, F.",3,1
"Araiza-Alba, P.","Bowman, D.A.",3,1
"Annetta, L.A.","Bressler, D.M.",3,1
"Altmeyer, K.","Bandura, A.",3,0
"Bandura, A.","Brown, J.S.",3,0
"Jiang, H.","Kyaw, B.M.",3,6
"Altmeyer, K.","Álvarez-Marín, A.",3,0
"Altmeyer, K.","Arıcı, F.",3,0
"Andújar Márquez, J.M.","Bacca, J.",3,0
"Jordan, J.A.","Schijven, M.P.",3,4
"Andújar Márquez, J.M.","Chen, C.",3,0
"Akçayir, M.","Cipresso, P.",3,0
"Anderson, J.R.","Azuma, R.T.",3,0
"Satava, R.M.M.D.","Schijven, M.P.",3,4
"Ajzen, I.","Araiza-Alba, P.",3,1
"Bailenson, J.N.","Brown, J.S.",3,1
"Bacca, J.","Chen, Y.",3,0
"Balog, A.","Chen, R.",3,0
"Alalwan, N.","Alfalah, S.F.M.",3,0
"Alfadil, M.","Chien, S.",3,1
"Alfadil, M.","Chen, C.H.",3,1
"Reznick, R.K.","Rosser, J.B.",3,4
"Seymour, N.E.","Sutherland, L.M.",3,4
"Gaba, D.M.","Issenberg, S.B.",3,4
"Balog, A.","Chen, Y.C.",3,0
"Alalwan, N.","Alkhattabi, M.A.",3,0
"Balog, A.","Billinghurst, M.",3,0
"Alalwan, N.","Baragash, R.S.",3,0
"Ajzen, I.","Anderson, J.C.",3,1
"Balog, A.","Davis, F.D.",3,0
"Baceviciute, S.","Chen, Y.",3,1
"Abdinejad, M.","Cheng, K.",3,0
"Schijven, M.P.","Scott, D.J.",3,4
"Garzón, J.","Ibáñez, M.B.",3,0
"Agarwal, R.","Bower, M.G.",3,1
"Bacca, J.","Chang, S.",3,0
"Albus, P.","Chen, C.H.",3,1
"Alfadil, M.","Cai, Y.",3,1
"Reznick, R.K.","Zhao, Y.",3,4
"Albrecht, U.V.","Bacca, J.",3,0
"Scott, D.J.","Vassiliou, M.C.",3,4
"Gallagher, A.G.","Martin, J.A.",3,4
"Bacca, J.","Birt, J.R.",3,0
"Bacca, J.","Balog, A.",3,0
"Grantcharov, T.P.","Martin, J.A.",3,4
"Balog, A.","Dunleavy, M.",3,0
"Bacca, J.","Brown, J.S.",3,0
"Agarwal, R.","Ajzen, I.",3,1
"AlGerafi, M.A.M.","Asad, M.M.",3,0
"AlGerafi, M.A.M.","Cai, S.",3,0
"Aebersold, M.L.","Akçayir, M.",3,3
"Aebersold, M.L.","Cant, R.P.",3,3
"AlGerafi, M.A.M.","Cheng, K.",3,0
"Azuma, R.T.","Klopfer, E.",3,0
"Aebersold, M.L.","Chen, P.",3,3
"Bagozzi, R.P.","Balog, A.",3,1
"Münz, Y.","Schijven, M.P.",3,4
"Bailenson, J.N.","Billinghurst, M.",3,1
"Satava, R.M.M.D.","Stefanidis, D.",3,4
"Azuma, R.T.","Barsalou, L.W.",3,0
"Gurusamy, K.S.","Palter, V.N.",3,4
"Bailenson, J.N.","Dede, C.J.",3,1
"Aïm, F.","Cannon, W.D.",3,4
"Agarwal, R.","Anderson, J.C.",3,1
"Fried, G.M.","Schijven, M.P.",3,4
"AlGerafi, M.A.M.","Alalwan, N.",3,0
"Bacca, J.","Barreira, J.",3,0
"Aebersold, M.L.","Chang, H.Y.",3,3
"Aker, M.","Gallagher, A.G.",3,4
"Bacca, J.","Davis, F.D.",3,0
"Agarwal, R.","Balog, A.",3,1
"Agarwal, R.","Azuma, R.T.",3,1
"Fried, G.M.","Haluck, R.S.",3,4
"Checa, D.","Radianti, J.",2,1
"Abrahamson, D.","Bujak, K.R.",2,1
"Chen, R.","Dunleavy, M.",2,0
"Aguayo, C.","Ahn, S.J.G.",2,1
"Madan, A.K.","Martin, J.A.",2,4
"Chaudhry, A.","Martin, J.A.",2,4
"Satava, R.M.M.D.","Taffinder, N.J.",2,4
"Chen, S.","Cheng, K.",2,6
"Chen, Y.","Lee, J.",2,1
"Checa, D.","Chen, S.",2,1
"Abrahamson, D.","Aguayo, C.",2,1
"Chen, Y.","Garzón, J.",2,1
"Abdinejad, M.","Chen, Y.",2,0
"Chaudhry, A.","Darzi, A.W.",2,4
"Chen, C.C.","Chiang, T.H.C.",2,0
"Madan, A.K.","Moorthy, K.M.",2,4
"Lee, E.A.L.","Makransky, G.",2,6
"Larsen, C.R.","Merchant, Z.H.",2,4
"Chang, Y.","Duenser, A.",2,3
"Chen, Y.C.","Cheng, K.",2,0
"Chen, Y.","Dunleavy, M.",2,1
"Aguayo, C.","Baceviciute, S.",2,1
"Chen, Y.","Cipresso, P.",2,1
"Abulrub, A.H.G.","Alalwan, N.",2,1
"Chen, Y.","Di Serio, A.",2,1
"Chen, Y.","Dhimolea, T.K.",2,1
"Wu, H.K.","Zhang, J.",2,0
"Abdinejad, M.","Altmeyer, K.",2,0
"Sweller, J.","Zirkle, M.S.",2,6
"Larsen, C.R.","Scott, D.J.",2,4
"Chang, Y.","Davis, F.D.",2,3
"Schijven, M.P.","Stefanidis, D.",2,4
"Chang, Y.","Chu, H.",2,3
"Lee, J.","Rizzo, A.S.",2,5
"Stefanidis, D.","Vassiliou, M.C.",2,4
"Chen, Y.","Cohen, J.",2,1
"Abdullah, F.","Agarwal, R.",2,1
"Li, L.","Maples-Keller, J.L.",2,5
"Li, L.","Riva, G.",2,5
"Chen, Y.","Ibáñez, M.B.",2,1
"Li, X.","Wang, Y.",2,1
"Chaudhry, A.","Reznick, R.K.",2,4
"Scott, D.J.","Sutherland, L.M.",2,4
"Liu, Y.","Wang, Y.",2,1
"Schijven, M.P.","Taffinder, N.J.",2,4
"Lee, K.","Wu, H.K.",2,0
"Maresky, H.S.","Moro, C.",2,6
"Makransky, G.","Mystakidis, S.",2,6
"Abulrub, A.H.G.","Bowman, D.A.",2,1
"Chen, C.H.","Chittaro, L.",2,0
"Chen, F.","Cook, D.A.",2,3
"Chen, C.","Chen, Z.",2,0
"Merchant, Z.H.","Riva, G.",2,6
"Aggarwal, R.","Azuma, R.T.",2,4
"Pellas, N.","Wu, H.K.",2,0
"Chen, F.","González Izard, S.",2,3
"Pellas, N.","Radu, I.W.",2,0
"Chen, C.","Lee, E.A.L.",2,0
"Radianti, J.","Sweller, J.",2,6
"Radianti, J.","Riva, G.",2,6
"McGaghie, W.C.","Seymour, N.E.",2,6
"Chen, C.","Cheng, A.",2,0
"McGaghie, W.C.","Wiet, G.J.",2,6
"Abdullah, F.","Al-Emran, M.",2,1
"Parsons, T.D.","Rizzo, A.S.",2,5
"Chen, C.","Duenser, A.",2,0
"Makransky, G.","Zhao, J.",2,6
"Chen, C.H.","Dunleavy, M.",2,0
"Münz, Y.","Scott, D.J.",2,4
"Aggarwal, R.","Cuschieri, A.",2,4
"Abdullah, F.","Balog, A.",2,1
"Münz, Y.","Taffinder, N.J.",2,4
"Chen, C.C.","Chen, Y.",2,0
"Abdullah, F.","Davis, F.D.",2,1
"Chen, C.C.","Chen, C.H.",2,0
"Chen, C.","Álvarez-Marín, A.",2,0
"Moorthy, K.M.","Palter, V.N.",2,4
"Milgram, P.","Moro, C.",2,0
"Milgram, P.","Wang, M.",2,0
"Chen, C.H.","Chen, Y.C.",2,0
"Palter, V.N.","Scott, D.J.",2,4
"Chen, C.","Chen, C.C.",2,0
"Park, S.","Wang, M.",2,6
"Chen, F.","Çoban, M.",2,3
"Aggarwal, R.","Atesok, K.I.",2,4
"Reznick, R.K.","Stefanidis, D.",2,4
"Abdullah, F.","Ajzen, I.",2,1
"Aguayo, C.","Braun, V.",2,1
"Chen, C.","Chun, D.M.",2,0
"Martin, J.A.","Wiet, G.J.",2,4
"Maresky, H.S.","Sweller, J.",2,6
"Aggarwal, R.","Münz, Y.",2,4
"Chen, M.","Chen, Y.",2,1
"Riva, G.","Rizzo, A.S.",2,5
"Riva, G.","Satava, R.M.M.D.",2,5
"Rosser, J.B.","Taffinder, N.J.",2,4
"Rosser, J.B.","Scott, D.J.",2,4
"Aggarwal, R.","Colt, H.G.",2,4
"Aggarwal, R.","Anastakis, D.J.",2,4
"Makransky, G.","Pellas, N.",2,6
"Checa, D.","Chen, Y.",2,1
"Chen, P.","Lee, K.",2,0
"Chen, M.","Chen, M.R.A.",2,1
"Chen, J.C.C.","Cheng, A.",2,1
"Chen, J.C.C.","Dalgarno, B.",2,1
"Chen, H.","Davis, F.D.",2,1
"McDougall, E.M.","Satava, R.M.M.D.",2,4
"Chen, F.","Farra, S.L.",2,3
"Chen, C.","Chen, Y.C.",2,0
"Chen, F.","Kyaw, B.M.",2,3
"Chen, C.","Davis, F.D.",2,0
"Martin, J.A.","Rosser, J.B.",2,4
"Chen, J.","Cheng, K.",2,1
"Chen, J.C.C.","Chien, S.",2,1
"Reznick, R.K.","Wiet, G.J.",2,4
"Reznick, R.K.","Zirkle, M.S.",2,4
"Reznick, R.K.","Satava, R.M.M.D.",2,4
"Chen, C.","Chen, S.",2,0
"Martin, J.A.","Satava, R.M.M.D.",2,4
"Martin, J.A.","Zirkle, M.S.",2,4
"Merchant, Z.H.","Mystakidis, S.",2,6
"Jiang, H.","Marougkas, A.",2,6
"Larsen, C.R.","Reznick, R.K.",2,4
"Aebersold, M.L.","Barsom, E.Z.",2,3
"Aebersold, M.L.","Baniasadi, T.",2,3
"Aebersold, M.L.","Berg, H.",2,3
"Aggarwal, R.","Moorthy, K.M.",2,4
"Derossis, A.M.","Haluck, R.S.",2,4
"Derossis, A.M.","Hyltander, A.G.",2,4
"Derossis, A.M.","Issenberg, S.B.",2,4
"Derossis, A.M.","Taffinder, N.J.",2,4
"Derossis, A.M.","Jordan, J.A.",2,4
"Aebersold, M.L.","Bandura, A.",2,3
"Aebersold, M.L.","Barteit, S.",2,3
"Aebersold, M.L.","Chang, C.Y.",2,3
"González Izard, S.","Moro, C.",2,6
"Di Natale, A.F.","Çoban, M.",2,1
"Di Serio, A.","Radu, I.W.",2,0
"González Izard, S.","Mao, R.Q.",2,6
"González Izard, S.","Stepan, K.O.",2,6
"Garzón, J.","Pellas, N.",2,0
"Di Serio, A.","Wu, H.K.",2,0
"Dickey, M.D.","Huang, H.",2,1
"Dubovi, I.","Fealy, S.M.",2,3
"Aebersold, M.L.","Choi, J.",2,3
"Derossis, A.M.","Figert, P.L.",2,4
"Aebersold, M.L.","Bacca, J.",2,3
"Derossis, A.M.","Reznick, R.K.",2,4
"Darzi, A.W.","Derossis, A.M.",2,4
"Haluck, R.S.","Korndorffer, J.R.",2,4
"Davis, F.D.","Deterding, S.",2,1
"Haluck, R.S.","Jordan, J.A.",2,4
"Gurusamy, K.S.","Satava, R.M.M.D.",2,4
"Davis, F.D.","Huang, H.",2,1
"Davis, F.D.","Dwivedi, Y.K.",2,1
"Davis, F.D.","Dede, C.J.",2,1
"Dede, C.J.","Di Serio, A.",2,1
"Gurusamy, K.S.","Hyltander, A.G.",2,4
"Dede, C.J.","Makransky, G.",2,1
"Gurusamy, K.S.","Scott, D.J.",2,4
"Dede, C.J.","Mystakidis, S.",2,1
"Dede, C.J.","Dickey, M.D.",2,1
"Aggarwal, R.","Figert, P.L.",2,4
"Aggarwal, R.","Martin, J.A.",2,4
"Aggarwal, R.","Cannon, W.D.",2,4
"Grantcharov, T.P.","Kneebone, R.L.",2,4
"Aebersold, M.L.","Braun, V.",2,3
"Garzón, J.","Wang, M.",2,0
"Aebersold, M.L.","Ibáñez, M.B.",2,3
"Dalgarno, B.","Huang, H.",2,1
"Figert, P.L.","Schijven, M.P.",2,4
"Aggarwal, R.","Jordan, J.A.",2,4
"Gallagher, A.G.","Jensen, L.X.",2,4
"Figert, P.L.","Fried, G.M.",2,4
"Gallagher, A.G.","Gurusamy, K.S.",2,4
"Gaba, D.M.","Satava, R.M.M.D.",2,4
"Gaba, D.M.","Slater, M.",2,4
"Fried, G.M.","Reznick, R.K.",2,4
"Figert, P.L.","Madan, A.K.",2,4
"Figert, P.L.","Hyltander, A.G.",2,4
"Foronda, C.L.","Maresky, H.S.",2,3
"Duenser, A.","Martín Gutiérrez, J.",2,0
"Fried, G.M.","Taffinder, N.J.",2,4
"Aggarwal, R.","Madan, A.K.",2,4
"Fried, G.M.","Vassiliou, M.C.",2,4
"Aggarwal, R.","Vassiliou, M.C.",2,4
"Fried, G.M.","Jordan, J.A.",2,4
"Fried, G.M.","Hyltander, A.G.",2,4
"Fried, G.M.","Madan, A.K.",2,4
"Aguayo, C.","Birt, J.R.",2,1
"Fried, G.M.","Rosser, J.B.",2,4
"Gallagher, A.G.","McGaghie, W.C.",2,4
"Aggarwal, R.","Aker, M.",2,4
"Figert, P.L.","Seymour, N.E.",2,4
"Agarwal, R.","Akçayir, M.",2,1
"Dunleavy, M.","Kaufmann, H.",2,0
"Dunleavy, M.","Zhang, J.",2,0
"Dunleavy, M.","Radu, I.W.",2,0
"Dunleavy, M.","Ibáñez, M.B.",2,0
"Dunleavy, M.","Freitas de, S.I.",2,0
"Gallagher, A.G.","Kneebone, R.L.",2,4
"Gallagher, A.G.","Moorthy, K.M.",2,4
"Dwivedi, Y.K.","Wang, Y.",2,1
"Dyer, E.J.","Foronda, C.L.",2,3
"Agarwal, R.","Braun, V.",2,1
"Ericsson, K.A.","McGaghie, W.C.",2,6
"Ericsson, K.A.","Stefanidis, D.",2,6
"Ericsson, K.A.","Reznick, R.K.",2,6
"Ericsson, K.A.","Wiet, G.J.",2,6
"Agarwal, R.","Banos, R.M.",2,1
"Estai, M.A.","Milgram, P.",2,0
"Farra, S.L.","Fealy, S.M.",2,3
"Agarwal, R.","Biocca, F.A.",2,1
"Gallagher, A.G.","Sutherland, L.M.",2,4
"Darzi, A.W.","Satava, R.M.M.D.",2,4
"Haluck, R.S.","Madan, A.K.",2,4
"Kyaw, B.M.","Makransky, G.",2,6
"Abulrub, A.H.G.","Bailenson, J.N.",2,1
"Cheng, K.","Clark, R.E.",2,0
"Cheng, K.","Di Natale, A.F.",2,0
"Cheng, K.","Cuendet, S.",2,0
"Cheng, K.","Martín Gutiérrez, J.",2,0
"Chernikova, O.","Dalgarno, B.",2,1
"Chi, M.T.H.","Dalgarno, B.",2,1
"Chiang, T.H.C.","Cuendet, S.",2,0
"Chiang, T.H.C.","Dunleavy, M.",2,0
"Jordan, J.A.","Taffinder, N.J.",2,4
"Joda, T.","Perry, S.",2,5
"Chittaro, L.","Çakiroğlu, Ü.",2,1
"Chiang, T.H.C.","Martín Gutiérrez, J.",2,0
"Jensen, L.X.","Merchant, Z.H.",2,6
"Chiang, T.H.C.","Álvarez-Marín, A.",2,0
"Chien, S.","Chun, D.M.",2,1
"Jensen, L.X.","Makransky, G.",2,6
"Chien, S.","Huang, H.",2,1
"Jensen, L.X.","Lee, E.A.L.",2,6
"Jensen, L.X.","Radianti, J.",2,6
"Chirico, A.","Freeman, D.H.",2,5
"Jordan, J.A.","Scott, D.J.",2,4
"Cheng, K.","Çoban, M.",2,0
"Cheng, K.","Çakiroğlu, Ü.",2,0
"Kaminska, D.","Kyaw, B.M.",2,6
"Chen, Z.","Dalgarno, B.",2,1
"Cheng, A.","Chien, S.",2,1
"Cheng, A.M.","Issenberg, S.B.",2,6
"Aggarwal, R.","Taffinder, N.J.",2,4
"Kyaw, B.M.","Parong, J.",2,6
"Cheng, K.","Garzón, J.",2,0
"Cheng, K.","Ibáñez, M.B.",2,0
"Korndorffer, J.R.","Satava, R.M.M.D.",2,4
"Cheng, K.","Pellas, N.",2,0
"Korndorffer, J.R.","Madan, A.K.",2,4
"Korndorffer, J.R.","Reznick, R.K.",2,4
"Korndorffer, J.R.","Sutherland, L.M.",2,4
"Korndorffer, J.R.","Stefanidis, D.",2,4
"Cheng, K.","Davis, F.D.",2,0
"Korndorffer, J.R.","Moorthy, K.M.",2,4
"Cheng, K.","Dede, C.J.",2,0
"Cheng, K.","Chu, H.",2,0
"Kaufmann, H.","Wu, H.K.",2,0
"Kaminska, D.","Zhao, J.",2,6
"Chirico, A.","Riva, G.",2,5
"Issenberg, S.B.","Palter, V.N.",2,4
"Aggarwal, R.","McDougall, E.M.",2,4
"Cook, D.A.","Garg, A.X.",2,6
"Cook, D.A.","González Izard, S.",2,6
"Hwang, G.","Ibáñez, M.B.",2,0
"Huang, T.","Joda, T.",2,5
"Huang, H.","Milgram, P.",2,6
"Huang, H.","Jensen, L.X.",2,6
"Cook, D.A.","Zhao, Y.",2,6
"Hamilton, E.C.","Satava, R.M.M.D.",2,4
"Cook, D.A.","Seymour, N.E.",2,6
"Hamilton, E.C.","Rosser, J.B.",2,4
"Cuendet, S.","Davis, F.D.",2,0
"Chittaro, L.","Codd, A.M.",2,1
"Cuendet, S.","Ibáñez, M.B.",2,0
"Cummings, J.J.","Dalgarno, B.",2,1
"Hamilton, D.","Mystakidis, S.",2,6
"Cuschieri, A.","Korndorffer, J.R.",2,4
"Cuschieri, A.","Seymour, N.E.",2,4
"Cuschieri, A.","Satava, R.M.M.D.",2,4
"Cuschieri, A.","Fried, G.M.",2,4
"Haluck, R.S.","Satava, R.M.M.D.",2,4
"Dalgarno, B.","Çoban, M.",2,1
"Hyltander, A.G.","Madan, A.K.",2,4
"Hyltander, A.G.","Korndorffer, J.R.",2,4
"Abulrub, A.H.G.","Merchant, Z.H.",2,1
"Cook, D.A.","Davis, F.D.",2,6
"Issenberg, S.B.","Larsen, C.R.",2,4
"Ibáñez, M.B.","Zhang, J.",2,0
"Choi, J.","Radianti, J.",2,3
"Ibáñez, M.B.","Merchant, Z.H.",2,0
"Christopoulos, A.","Cummings, J.J.",2,1
"Ibáñez, M.B.","Kaufmann, H.",2,0
"Clark, R.E.","Dede, C.J.",2,1
"Clark, R.E.","Dalgarno, B.",2,1
"Clark, R.E.","Dunleavy, M.",2,1
"Clark, R.E.","Cruz-Neira, C.",2,1
"Cochrane, T.D.","Dunleavy, M.",2,1
"Codd, A.M.","Garg, A.X.",2,6
"Cohen, J.","Çoban, M.",2,5
"Hyltander, A.G.","Scott, D.J.",2,4
"Colt, H.G.","Taffinder, N.J.",2,4
"Colt, H.G.","Reznick, R.K.",2,4
"Colt, H.G.","Issenberg, S.B.",2,4
"Colt, H.G.","Cuschieri, A.",2,4
"Abulrub, A.H.G.","Lee, E.A.L.",2,1
"Chang, Y.","Çakiroğlu, Ü.",2,3
"Al-Saud, L.M.","Buchanan, J.A.",2,5
"Ahlberg, G.","Aker, M.",2,4
"Ayres, P.L.","Baceviciute, S.",2,1
"Akçayir, M.","Cohen, J.",2,0
"Akçayir, M.","Chen, R.",2,0
"Akçayir, M.","Chang, C.",2,0
"Ayres, P.L.","Birt, J.R.",2,1
"Ayres, P.L.","Bower, M.G.",2,1
"Ayres, P.L.","Bacca, J.",2,1
"Ayres, P.L.","Baddeley, A.D.",2,1
"Andreatta, P.B.","Botden, S.M.B.I.",2,4
"Atesok, K.I.","Grantcharov, T.P.",2,4
"Akçayir, M.","Crompton, H.",2,0
"Asad, M.M.","Bailenson, J.N.",2,1
"Asad, M.M.","Baceviciute, S.",2,1
"Arıcı, F.","Bower, M.G.",2,0
"Arıcı, F.","Cabero-Almenara, J.",2,0
"Akçayir, M.","Barroso Osuna, J.M.",2,0
"Akçayir, M.","Arvanitis, T.N.",2,0
"Akçayir, M.","Barsalou, L.W.",2,0
"Akçayir, M.","Chang, C.Y.",2,0
"Akçayir, M.","Billingsley, G.M.",2,0
"Akçayir, M.","Baddeley, A.D.",2,0
"Akçayir, M.","Chen, S.",2,0
"Azuma, R.T.","Chen, R.",2,0
"Azuma, R.T.","Botden, S.M.B.I.",2,0
"Azuma, R.T.","Cheng, Y.",2,0
"Azuma, R.T.","Merchant, Z.H.",2,0
"Akçayir, M.","Alibali, M.W.",2,0
"Azuma, R.T.","Hwang, G.",2,0
"Azuma, R.T.","Csíkszentmihályi, M.",2,0
"Akçayir, M.","Albrecht, U.V.",2,0
"Azuma, R.T.","Barteit, S.",2,0
"Azuma, R.T.","Chen, F.",2,0
"Arıcı, F.","Bandura, A.",2,0
"Arıcı, F.","Wu, H.K.",2,0
"Arıcı, F.","Radu, I.W.",2,0
"Araiza-Alba, P.","Azuma, R.T.",2,1
"Andreatta, P.B.","Issenberg, S.B.",2,4
"Andújar Márquez, J.M.","Chang, S.",2,0
"Akçayir, M.","Cuendet, S.",2,0
"Andújar Márquez, J.M.","Chen, Y.",2,0
"Andújar Márquez, J.M.","Arvanitis, T.N.",2,0
"Andújar Márquez, J.M.","Chen, C.C.",2,0
"Annetta, L.A.","Dede, C.J.",2,1
"Annetta, L.A.","Brown, J.S.",2,1
"Annetta, L.A.","Chang, K.E.",2,1
"Annetta, L.A.","Dalgarno, B.",2,1
"Araiza-Alba, P.","Bailenson, J.N.",2,1
"Araiza-Alba, P.","Chen, J.",2,1
"Araiza-Alba, P.","Chen, S.",2,1
"Araiza-Alba, P.","Chien, S.",2,1
"Araiza-Alba, P.","Cai, S.",2,1
"Arıcı, F.","Chen, C.H.",2,0
"Araiza-Alba, P.","Bursali, H.",2,1
"Araiza-Alba, P.","Chen, Y.",2,1
"Araiza-Alba, P.","Barsom, E.Z.",2,1
"Araiza-Alba, P.","Bandura, A.",2,1
"Araiza-Alba, P.","Braun, V.",2,1
"Araiza-Alba, P.","Barrett, A.J.",2,1
"Araiza-Alba, P.","Elmqaddem, N.",2,1
"Araiza-Alba, P.","Bower, M.G.",2,1
"Araiza-Alba, P.","Banos, R.M.",2,1
"Arvanitis, T.N.","Bower, M.G.",2,0
"Arvanitis, T.N.","Barreira, J.",2,0
"Arvanitis, T.N.","Chen, Y.C.",2,0
"Arvanitis, T.N.","Bujak, K.R.",2,0
"Arıcı, F.","Dunleavy, M.",2,0
"Akçayir, M.","Alzahrani, N.M.",2,0
"Azuma, R.T.","Bangor, A.W.",2,0
"Azuma, R.T.","Cipresso, P.",2,0
"Bailenson, J.N.","Cheng, A.",2,1
"Baceviciute, S.","Baddeley, A.D.",2,1
"Baceviciute, S.","Chang, S.",2,1
"Bailenson, J.N.","Issenberg, S.B.",2,1
"Bailenson, J.N.","Berg, H.",2,1
"Ajzen, I.","Alalwan, N.",2,1
"Bailenson, J.N.","Chittaro, L.",2,1
"Ajzen, I.","Balog, A.",2,1
"Bailenson, J.N.","Davis, F.D.",2,1
"Bailenson, J.N.","Braun, V.",2,1
"Bailenson, J.N.","Billingsley, G.M.",2,1
"Bailenson, J.N.","Checa, D.",2,1
"Bailenson, J.N.","Chen, P.",2,1
"Bailenson, J.N.","Barrett, A.J.",2,1
"Bailenson, J.N.","Chen, Z.",2,1
"Bailenson, J.N.","Baxter, G.J.",2,1
"Baceviciute, S.","Buttussi, F.",2,1
"Bailey, J.O.","Dalgarno, B.",2,1
"Bailey, J.O.","Chen, C.H.",2,1
"Bailey, J.O.","Chen, Y.",2,1
"Bailey, J.O.","Braun, V.",2,1
"Baker, S.C.","Barab, S.A.",2,1
"Balog, A.","Bujak, K.R.",2,0
"Balog, A.","Bressler, D.M.",2,0
"Balog, A.","Belda-Medina, J.",2,0
"Balog, A.","Bursali, H.",2,0
"Banakou, D.","Cummings, J.J.",2,1
"Banakou, D.","Blascovich, J.J.",2,1
"Banakou, D.","Barsalou, L.W.",2,1
"Banakou, D.","Biocca, F.A.",2,1
"Ajzen, I.","Barak, M.I.",2,1
"Baceviciute, S.","Calvert, J.",2,1
"Baceviciute, S.","Bursali, H.",2,1
"Azuma, R.T.","Chang, C.Y.",2,0
"Ajzen, I.","Bower, M.G.",2,1
"Azuma, R.T.","Chang, C.",2,0
"Azuma, R.T.","Martín Gutiérrez, J.",2,0
"Azuma, R.T.","Bowman, D.A.",2,0
"Aïm, F.","Seymour, N.E.",2,4
"Aïm, F.","Makransky, G.",2,4
"Aïm, F.","Bartlett, J.D.",2,4
"Akçayir, M.","Bekele, M.K.",2,0
"Bacca, J.","Chen, R.",2,0
"Bacca, J.","Garzón, J.",2,0
"Aker, M.","Seymour, N.E.",2,4
"Aker, M.","Gurusamy, K.S.",2,4
"Bacca, J.","Chen, S.",2,0
"Bacca, J.","Makransky, G.",2,0
"Ajzen, I.","Davis, F.D.",2,1
"Ajzen, I.","Alhalabi, W.S.",2,1
"Baceviciute, S.","Ericsson, K.A.",2,1
"Bacca, J.","Baxter, G.J.",2,0
"Ajzen, I.","Browning, M.H.E.M.",2,1
"Ajzen, I.","Álvarez-Marín, A.",2,1
"Bacca, J.","Chen, C.C.",2,0
"Bacca, J.","Belda-Medina, J.",2,0
"Bacca, J.","Huang, H.",2,0
"Bacca, J.","Bodzin, A.M.",2,0
"Bacca, J.","Baniasadi, T.",2,0
"Bacca, J.","Chen, H.",2,0
"Bacca, J.","Carmigniani, J.",2,0
"Bacca, J.","Cipresso, P.",2,0
"Bacca, J.","Braun, V.",2,0
"Bacca, J.","Lee, K.",2,0
"Baceviciute, S.","Chen, C.",2,1
"Andreatta, P.B.","Schijven, M.P.",2,4
"Akçayir, M.","Bellini, S.",2,0
"Bandura, A.","Cheng, K.",2,0
"Alfadil, M.","Chang, C.",2,1
"Alfalah, S.F.M.","Baceviciute, S.",2,1
"Alfalah, S.F.M.","Bacca, J.",2,1
"Alfalah, S.F.M.","Araiza-Alba, P.",2,1
"Alfalah, S.F.M.","Chang, C.Y.",2,1
"Alfalah, S.F.M.","Chen, F.",2,1
"Alfadil, M.","Chen, J.C.C.",2,1
"Alfadil, M.","Dhimolea, T.K.",2,1
"Andreatta, P.B.","Carter, F.J.",2,4
"Alfadil, M.","Braun, V.",2,1
"Alfadil, M.","Chang, C.Y.",2,1
"Alfadil, M.","Bower, M.G.",2,1
"Al-Ansi, A.M.","Araiza-Alba, P.",2,0
"Alfadil, M.","Araiza-Alba, P.",2,1
"Alfadil, M.","Alfalah, S.F.M.",2,1
"Alfalah, S.F.M.","Baxter, G.J.",2,1
"Alfalah, S.F.M.","Chen, Y.",2,1
"Alfalah, S.F.M.","Azuma, R.T.",2,1
"Alfalah, S.F.M.","Asad, M.M.",2,1
"Alfalah, S.F.M.","Chen, C.",2,1
"Alhalabi, W.S.","Anderson, J.R.",2,1
"Alhalabi, W.S.","Buttussi, F.",2,1
"Alhalabi, W.S.","Baddeley, A.D.",2,1
"Alhalabi, W.S.","Makransky, G.",2,1
"Alhalabi, W.S.","Chen, F.",2,1
"Alhalabi, W.S.","Cohen, J.",2,1
"Alhalabi, W.S.","Çoban, M.",2,1
"Alhalabi, W.S.","Bressler, D.M.",2,1
"Alhalabi, W.S.","Merchant, Z.H.",2,1
"Alhalabi, W.S.","Chien, S.",2,1
"Alhalabi, W.S.","Bonde, M.T.",2,1
"Alhalabi, W.S.","Bailenson, J.N.",2,1
"Al-Ansi, A.M.","Chang, S.",2,0
"Alfadil, M.","Cai, S.",2,1
"Al-Emran, M.","Allcoat, D.",2,1
"Albrecht, U.V.","Cheng, K.",2,0
"Al-Emran, M.","Alkhattabi, M.A.",2,1
"Al-Emran, M.","Davis, F.D.",2,1
"Alalwan, N.","Garzón, J.",2,0
"Alalwan, N.","Wu, H.K.",2,0
"Alalwan, N.","Álvarez-Marín, A.",2,0
"Alalwan, N.","Alhalabi, W.S.",2,0
"Alalwan, N.","Braun, V.",2,0
"Alalwan, N.","Chen, C.H.",2,0
"Alalwan, N.","Anderson, J.C.",2,0
"Al-Emran, M.","Azuma, R.T.",2,1
"Alalwan, N.","Asad, M.M.",2,0
"Alalwan, N.","Bressler, D.M.",2,0
"Alam, A.","Asad, M.M.",2,1
"Alam, A.","Bailenson, J.N.",2,1
"Albus, P.","Merchant, Z.H.",2,1
"Albus, P.","Chittaro, L.",2,1
"Albus, P.","Parong, J.",2,1
"Albus, P.","Radianti, J.",2,1
"Albus, P.","Barteit, S.",2,1
"Al-Emran, M.","Anderson, J.C.",2,1
"Albus, P.","Buttussi, F.",2,1
"Albus, P.","Andersen, S.A.W.",2,1
"Albus, P.","Baddeley, A.D.",2,1
"Albus, P.","Alfadil, M.",2,1
"Al-Emran, M.","Cheng, K.",2,1
"Albus, P.","Chang, C.Y.",2,1
"Albus, P.","Chen, C.",2,1
"Albus, P.","Allcoat, D.",2,1
"Albus, P.","Chen, Y.",2,1
"Albus, P.","Cheng, K.",2,1
"Alhalabi, W.S.","Chang, C.Y.",2,1
"Alhalabi, W.S.","Bower, M.G.",2,1
"Alhalabi, W.S.","Checa, D.",2,1
"Anderson, J.R.","Bacca, J.",2,0
"Altmeyer, K.","Bujak, K.R.",2,0
"Alzahrani, N.M.","Azuma, R.T.",2,0
"Alzahrani, N.M.","Cheng, K.",2,0
"Anastakis, D.J.","Gallagher, A.G.",2,4
"Anastakis, D.J.","Issenberg, S.B.",2,4
"Anastakis, D.J.","Cuschieri, A.",2,4
"Andersen, M.S.","Bowman, D.A.",2,1
"Andersen, M.S.","Chi, M.T.H.",2,1
"Andersen, M.S.","Lee, E.A.L.",2,1
"Al-Ansi, A.M.","Crompton, H.",2,0
"Al-Ansi, A.M.","Chen, C.H.",2,0
"Anderson, J.C.","Davis, F.D.",2,1
"Anderson, J.C.","Bagozzi, R.P.",2,1
"Anderson, J.R.","Bowman, D.A.",2,0
"Anderson, J.R.","Brown, J.S.",2,0
"Altmeyer, K.","Milgram, P.",2,0
"Anderson, J.R.","Chen, C.H.",2,0
"Anderson, J.R.","Dalgarno, B.",2,0
"Anderson, P.L.","Carl, E.C.",2,5
"Anderson, P.L.","Braun, V.",2,5
"Anderson, P.L.","Bowman, D.A.",2,5
"Anderson, P.L.","Biocca, F.A.",2,5
"Anderson, T.D.","Azuma, R.T.",2,1
"Anderson, T.D.","Bacca, J.",2,1
"Anderson, T.D.","Ayres, P.L.",2,1
"Anderson, T.D.","Birt, J.R.",2,1
"Andreatta, P.B.","Farra, S.L.",2,4
"Andreatta, P.B.","Foronda, C.L.",2,4
"Andreatta, P.B.","Satava, R.M.M.D.",2,4
"Akçayir, M.","Birt, J.R.",2,0
"Altmeyer, K.","Radu, I.W.",2,0
"Altmeyer, K.","Ibáñez, M.B.",2,0
"Alhalabi, W.S.","Alrehaili, E.A.",2,1
"Allcoat, D.","Checa, D.",2,1
"Alhalabi, W.S.","Chen, Y.",2,1
"Alhalabi, W.S.","Cheng, K.",2,1
"Alibali, M.W.","Bujak, K.R.",2,1
"Al-Ansi, A.M.","Çoban, M.",2,0
"Alkhattabi, M.A.","Billinghurst, M.",2,0
"Alkhattabi, M.A.","Bacca, J.",2,0
"Alkhattabi, M.A.","Chang, S.",2,0
"Alkhattabi, M.A.","Chen, P.",2,0
"Allcoat, D.","Banos, R.M.",2,1
"Allcoat, D.","Asad, M.M.",2,1
"Allcoat, D.","Braun, V.",2,1
"Allcoat, D.","Bacca, J.",2,1
"Allcoat, D.","Hamilton, D.",2,1
"Allcoat, D.","Baxter, G.J.",2,1
"Allcoat, D.","Çoban, M.",2,1
"Altmeyer, K.","Garzón, J.",2,0
"Allcoat, D.","Radianti, J.",2,1
"Allcoat, D.","Carbonell-Carrera, C.",2,1
"Allcoat, D.","Bailey, J.O.",2,1
"Allcoat, D.","Butt, A.L.",2,1
"Allcoat, D.","Barab, S.A.",2,1
"Allcoat, D.","Blascovich, J.J.",2,1
"Allcoat, D.","Bandura, A.",2,1
"Alrehaili, E.A.","Chen, C.",2,1
"Alrehaili, E.A.","Araiza-Alba, P.",2,1
"Alrehaili, E.A.","Chang, C.Y.",2,1
"Altmeyer, K.","Bhagat, K.K.",2,0
"Al-Ansi, A.M.","Belda-Medina, J.",2,0
"Al-Ansi, A.M.","Chang, H.Y.",2,0
"Altmeyer, K.","Buchner, J.",2,0
"Bandura, A.","Barrett, A.J.",2,0
"Bandura, A.","Chang, C.Y.",2,0
"Chang, Y.","Dunleavy, M.",2,3
"Bursali, H.","Chang, S.",2,0
"Buttussi, F.","Calvert, J.",2,1
"Butt, A.L.","Chen, C.",2,3
"Butt, A.L.","Chang, C.",2,3
"Ahmad, N.I.N.","Bacca, J.",2,0
"Butt, A.L.","Cant, R.P.",2,3
"Butt, A.L.","Checa, D.",2,3
"Bursali, H.","Cai, S.",2,0
"Bressler, D.M.","Chen, P.",2,0
"Bujak, K.R.","Chen, C.",2,0
"Bujak, K.R.","Chang, H.Y.",2,0
"Bujak, K.R.","Chen, H.",2,0
"Bujak, K.R.","Chu, H.",2,0
"Bujak, K.R.","Wu, H.K.",2,0
"Ahmad, N.I.N.","Buchner, J.",2,0
"Buttussi, F.","Carbonell-Carrera, C.",2,1
"Buttussi, F.","Checa, D.",2,1
"Cabero-Almenara, J.","Chang, K.E.",2,0
"Cabero-Almenara, J.","Chen, R.",2,0
"Cabero-Almenara, J.","Chiang, T.H.C.",2,0
"Cabero-Almenara, J.","Crompton, H.",2,0
"Cabero-Almenara, J.","Davis, F.D.",2,0
"Cabero-Almenara, J.","Álvarez-Marín, A.",2,0
"Ahlberg, G.","Chaudhry, A.",2,4
"Cai, S.","Chen, S.",2,0
"Ahlberg, G.","Taffinder, N.J.",2,4
"Cai, S.","Chang, K.E.",2,0
"Ahlberg, G.","Jordan, J.A.",2,4
"Cai, S.","Álvarez-Marín, A.",2,0
"Cai, S.","Carmigniani, J.",2,0
"Cai, S.","Dalgarno, B.",2,0
"Cai, S.","Davis, F.D.",2,0
"Buchner, J.","Dunleavy, M.",2,0
"Buchner, J.","Cohen, J.",2,0
"Buchner, J.","Chang, C.Y.",2,0
"Brown, J.S.","Chen, Y.",2,0
"Bressler, D.M.","Chang, S.",2,0
"Bridges, M.A.","Cannon, W.D.",2,4
"Bridges, M.A.","Madan, A.K.",2,4
"Bridges, M.A.","Darzi, A.W.",2,4
"Bridges, M.A.","Moorthy, K.M.",2,4
"Bridges, M.A.","Satava, R.M.M.D.",2,4
"Bridges, M.A.","Ericsson, K.A.",2,4
"Bridges, M.A.","Reznick, R.K.",2,4
"Bridges, M.A.","Colt, H.G.",2,4
"Bridges, M.A.","Issenberg, S.B.",2,4
"Ahmad, N.I.N.","Akçayir, M.",2,0
"Brown, J.S.","Calvert, J.",2,0
"Brown, J.S.","Chang, S.",2,0
"Brown, J.S.","Farra, S.L.",2,0
"Brown, J.S.","Butt, A.L.",2,0
"Buchner, J.","Radu, I.W.",2,0
"Brown, J.S.","Chang, C.",2,0
"Brown, J.S.","Dwivedi, Y.K.",2,0
"Brown, J.S.","Chi, M.T.H.",2,0
"Brown, J.S.","Kamel Boulos, M.N.",2,0
"Brown, J.S.","Chittaro, L.",2,0
"Ahmad, N.I.N.","Barsalou, L.W.",2,0
"Brown, K.M.","Saab, M.M.",2,3
"Buchanan, J.A.","Grantcharov, T.P.",2,5
"Buchanan, J.A.","Kneebone, R.L.",2,5
"Buchner, J.","Cai, S.",2,0
"Buchner, J.","Cabero-Almenara, J.",2,0
"Buchner, J.","Clark, R.E.",2,0
"Buchner, J.","Chiang, T.H.C.",2,0
"Buchner, J.","Álvarez-Marín, A.",2,0
"Cai, S.","Chang, H.Y.",2,0
"Cai, Y.","Chen, R.",2,0
"Cai, Y.","Chang, Y.",2,0
"Chang, K.E.","Chen, Y.",2,0
"Chang, C.","Chen, C.H.",2,3
"Chang, C.","Dede, C.J.",2,3
"Chang, C.Y.","Davis, F.D.",2,3
"Chang, C.Y.","Chen, M.R.A.",2,3
"Chang, C.Y.","Chen, Y.",2,3
"Chang, C.Y.","Cochrane, T.D.",2,3
"Chang, C.Y.","Çakiroğlu, Ü.",2,3
"Chang, C.Y.","Cheng, A.",2,3
"Chang, C.Y.","Cheng, K.",2,3
"Chang, H.Y.","Chen, F.",2,0
"Chang, H.Y.","Cuendet, S.",2,0
"Ahlberg, G.","Ericsson, K.A.",2,4
"Chang, H.Y.","Chang, S.",2,0
"Chang, H.Y.","Álvarez-Marín, A.",2,0
"Chang, K.E.","Chang, Y.",2,0
"Chang, C.","Chen, H.",2,3
"Chang, K.E.","Chang, S.",2,0
"Chang, K.E.","Di Serio, A.",2,0
"Chang, S.","Chen, S.",2,1
"Ahlberg, G.","Korndorffer, J.R.",2,4
"Ahlberg, G.","Scott, D.J.",2,4
"Ahlberg, G.","Martin, J.A.",2,4
"Chang, S.","Çoban, M.",2,1
"Chang, S.","Çakiroğlu, Ü.",2,1
"Chang, S.","Davis, F.D.",2,1
"Chang, S.","Chu, H.",2,1
"Chang, S.","Checa, D.",2,1
"Chang, S.","Chiang, T.H.C.",2,1
"Chang, Y.","Farra, S.L.",2,3
"Chang, Y.","Chen, P.",2,3
"Chang, C.","Chang, C.Y.",2,3
"Chang, C.","Chang, H.Y.",2,3
"Calvert, J.","Davis, F.D.",2,1
"Carmigniani, J.","Kamphuis, C.",2,0
"Calvert, J.","Di Natale, A.F.",2,1
"Cannon, W.D.","Reznick, R.K.",2,4
"Cannon, W.D.","Cook, D.A.",2,4
"Cannon, W.D.","Gallagher, A.G.",2,4
"Cant, R.P.","Dubovi, I.",2,3
"Cant, R.P.","Kim, J.",2,3
"Cant, R.P.","Fealy, S.M.",2,3
"Carbonell-Carrera, C.","Çakiroğlu, Ü.",2,1
"Carbonell-Carrera, C.","Cuendet, S.",2,1
"Carbonell-Carrera, C.","Chang, H.Y.",2,1
"Carbonell-Carrera, C.","Chang, S.",2,1
"Carbonell-Carrera, C.","Cheng, K.",2,1
"Carbonell-Carrera, C.","Chen, C.H.",2,1
"Carl, E.C.","Parsons, T.D.",2,5
"Carmigniani, J.","Wu, H.K.",2,0
"Chang, C.","Dwivedi, Y.K.",2,3
"Carmigniani, J.","Cheng, K.",2,0
"Carmigniani, J.","Chen, Y.",2,0
"Carmigniani, J.","Chiang, T.H.C.",2,0
"Carmigniani, J.","Dunleavy, M.",2,0
"Ahlberg, G.","Figert, P.L.",2,4
"Carter, F.J.","Martin, J.A.",2,4
"Carter, F.J.","Schijven, M.P.",2,4
"Carter, F.J.","Hyltander, A.G.",2,4
"Carter, F.J.","Figert, P.L.",2,4
"Chang, C.","Chen, F.",2,3
"Chang, C.","Chang, K.E.",2,3
"Chang, C.","Chittaro, L.",2,3
"Chang, C.","Chu, H.",2,3
"Chang, C.","Garzón, J.",2,3
"Bressler, D.M.","Brown, J.S.",2,0
"Braun, V.","Chen, C.H.",2,3
"Bandura, A.","Álvarez-Marín, A.",2,0
"Barteit, S.","Di Natale, A.F.",2,3
"Belda-Medina, J.","Buchner, J.",2,0
"Belda-Medina, J.","Garzón, J.",2,0
"Baxter, G.J.","Checa, D.",2,1
"Baxter, G.J.","Chen, Y.",2,1
"Bartlett, J.D.","Cannon, W.D.",2,4
"Barteit, S.","Chen, S.",2,3
"Barteit, S.","Moro, C.",2,3
"Braun, V.","Chen, J.C.C.",2,3
"Ajzen, I.","Bandura, A.",2,1
"Barteit, S.","Jensen, L.X.",2,3
"Barteit, S.","Chang, E.",2,3
"Barteit, S.","Jiang, H.",2,3
"Barteit, S.","Zhang, J.",2,3
"Barteit, S.","Kaminska, D.",2,3
"Belda-Medina, J.","Cai, S.",2,0
"Bellini, S.","Chen, C.H.",2,3
"Berg, H.","Braun, V.",2,3
"Berg, H.","Chen, F.",2,3
"Berg, H.","Chang, C.",2,3
"Bernardo, A.","Bracq, M.S.",2,3
"Bernardo, A.","Rizzo, A.S.",2,3
"Bernardo, A.","Chen, F.",2,3
"Berns, A.","Cheng, A.",2,1
"Bhagat, K.K.","Chen, Y.",2,0
"Ajzen, I.","Bagozzi, R.P.",2,1
"Billinghurst, M.","Chittaro, L.",2,0
"Ainsworth, S.E.","Barak, M.I.",2,0
"Ahn, S.J.G.","Cummings, J.J.",2,1
"Billinghurst, M.","Chang, H.Y.",2,0
"Billinghurst, M.","Bowman, D.A.",2,0
"Billinghurst, M.","Chu, H.",2,0
"Barteit, S.","Bogomolova, K.",2,3
"Barsom, E.Z.","Moro, C.",2,6
"Barsalou, L.W.","Bujak, K.R.",2,1
"Banos, R.M.","Braun, V.",2,5
"Bandura, A.","Chang, S.",2,0
"Bandura, A.","Barreda-Ángeles, M.",2,0
"Bandura, A.","Braun, V.",2,0
"Bandura, A.","Billinghurst, M.",2,0
"Bandura, A.","Barab, S.A.",2,0
"Bandura, A.","Bressler, D.M.",2,0
"Bangor, A.W.","Checa, D.",2,3
"Bangor, A.W.","Ericsson, K.A.",2,3
"Bangor, A.W.","Butt, A.L.",2,3
"Baniasadi, T.","Kyaw, B.M.",2,3
"Baniasadi, T.","Cook, D.A.",2,3
"Baniasadi, T.","Braun, V.",2,3
"Baniasadi, T.","Brown, K.M.",2,3
"Baniasadi, T.","Chang, Y.",2,3
"Banos, R.M.","Chen, C.",2,5
"Barroso Osuna, J.M.","Bhagat, K.K.",2,0
"Barab, S.A.","Kamel Boulos, M.N.",2,1
"Baragash, R.S.","Chen, C.H.",2,0
"Baron-Cohen, S.B.","Blascovich, J.J.",2,1
"Baron-Cohen, S.B.","Bellini, S.",2,1
"Barreda-Ángeles, M.","Barsalou, L.W.",2,1
"Barreira, J.","Belda-Medina, J.",2,0
"Barreira, J.","Carmigniani, J.",2,0
"Barreira, J.","Chen, Y.",2,0
"Barreira, J.","Cheng, K.",2,0
"Barrett, A.J.","Chen, C.H.",2,1
"Barrett, A.J.","Bower, M.G.",2,1
"Barrett, A.J.","Davis, F.D.",2,1
"Barrett, A.J.","Chang, S.",2,1
"Barroso Osuna, J.M.","Billinghurst, M.",2,0
"Billinghurst, M.","Milgram, P.",2,0
"Ahn, S.J.G.","Banakou, D.",2,1
"Billinghurst, M.","Cuendet, S.",2,0
"Bowman, D.A.","Checa, D.",2,1
"Bower, M.G.","Calvert, J.",2,0
"Ahn, S.J.G.","Bailenson, J.N.",2,1
"Bower, M.G.","Buttussi, F.",2,0
"Bower, M.G.","Clark, R.E.",2,0
"Bower, M.G.","Carbonell-Carrera, C.",2,0
"Bower, M.G.","Klopfer, E.",2,0
"Bower, M.G.","Ibáñez, M.B.",2,0
"Ahn, S.J.G.","Bagozzi, R.P.",2,1
"Bower, M.G.","Chen, J.C.C.",2,0
"Bower, M.G.","Buchner, J.",2,0
"Bower, M.G.","Cabero-Almenara, J.",2,0
"Bower, M.G.","Chen, P.",2,0
"Bower, M.G.","Cochrane, T.D.",2,0
"Ahn, S.J.G.","Azuma, R.T.",2,1
"Bowman, D.A.","Cummings, J.J.",2,1
"Ahn, S.J.G.","Barreda-Ángeles, M.",2,1
"Bowman, D.A.","Chen, C.",2,1
"Bracq, M.S.","Butt, A.L.",2,3
"Bracq, M.S.","Chang, C.",2,3
"Bracq, M.S.","Fealy, S.M.",2,3
"Bracq, M.S.","Cheng, A.M.",2,3
"Braun, V.","Chen, L.",2,3
"Braun, V.","Carl, E.C.",2,3
"Braun, V.","Chernikova, O.",2,3
"Braun, V.","Butt, A.L.",2,3
"Braun, V.","Fealy, S.M.",2,3
"Braun, V.","Chen, J.",2,3
"Braun, V.","Cai, S.",2,3
"Braun, V.","Chen, M.R.A.",2,3
"Braun, V.","Chien, S.",2,3
"Bower, M.G.","Chen, Y.",2,0
"Bouchard, S.A.","Rizzo, A.S.",2,5
"Ahn, S.J.G.","Bowman, D.A.",2,1
"Ahn, S.J.G.","Allcoat, D.",2,1
"Billinghurst, M.","Dalgarno, B.",2,0
"Billinghurst, M.","Chen, S.",2,0
"Billinghurst, M.","Bursali, H.",2,0
"Billinghurst, M.","Davis, F.D.",2,0
"Billinghurst, M.","Chang, S.",2,0
"Billinghurst, M.","Radu, I.W.",2,0
"Billinghurst, M.","Radianti, J.",2,0
"Billinghurst, M.","Dickey, M.D.",2,0
"Billingsley, G.M.","Braun, V.",2,1
"Biocca, F.A.","Blascovich, J.J.",2,1
"Biocca, F.A.","Cummings, J.J.",2,1
"Birt, J.R.","Brydges, R.",2,1
"Birt, J.R.","Moro, C.",2,1
"Birt, J.R.","Checa, D.",2,1
"Birt, J.R.","Cochrane, T.D.",2,1
"Bouchard, S.A.","Cohen, J.",2,5
"Bodzin, A.M.","Dede, C.J.",2,1
"Bodzin, A.M.","Calvert, J.",2,1
"Bodzin, A.M.","Chang, C.Y.",2,1
"Bodzin, A.M.","Di Natale, A.F.",2,1
"Bodzin, A.M.","Cheng, K.",2,1
"Bogomolova, K.","Braun, V.",2,3
"Bonde, M.T.","Bowman, D.A.",2,1
"Bonde, M.T.","Buttussi, F.",2,1
"Botden, S.M.B.I.","Grantcharov, T.P.",2,4
"Botden, S.M.B.I.","Seymour, N.E.",2,4
"Botden, S.M.B.I.","Schijven, M.P.",2,4
"Botella, C.M.","Chang, H.Y.",2,5
"Botella, C.M.","Braun, V.",2,5
"Botella, C.M.","Davis, F.D.",2,5
"Birt, J.R.","Braun, V.",2,1
