_leader,Hybrid/Multi-technology|SCP,AR|SCP,VR|MCP,VR|SCP,AR|MCP,Hybrid/Multi-technology|MCP,MR/XR|MCP,MR/XR|SCP,Total_SCP,Total_MCP,Total
USA,81,191,132,1258,24,13,22,160,1690,191,1881
China,36,71,131,531,43,5,10,28,666,189,855
UK,14,26,71,276,16,5,9,33,349,101,450
Spain,43,147,43,181,21,4,2,25,396,70,466
Taiwan,17,117,49,208,23,4,2,9,351,78,429
South Korea,27,46,30,235,9,5,1,29,337,45,382
Germany,27,40,36,208,17,3,5,27,302,61,363
Australia,8,23,31,150,6,3,7,33,214,47,261
Canada,10,16,49,160,5,1,2,10,196,57,253
Italy,8,22,28,106,11,3,2,21,157,44,201
Japan,13,17,12,109,3,1,2,9,148,18,166
France,3,4,19,89,2,1,0,4,100,22,122
