Category,Year,N,TC,Impact
VR,1991,0,0,0.0
VR,1992,3,15,5.0
VR,1993,7,513,73.28571428571429
VR,1994,11,255,23.181818181818183
VR,1995,15,1386,92.4
VR,1996,14,355,25.357142857142858
VR,1997,27,403,14.925925925925926
VR,1998,29,966,33.310344827586206
VR,1999,44,1691,38.43181818181818
VR,2000,33,935,28.333333333333332
VR,2001,40,1982,49.55
VR,2002,52,3130,60.19230769230769
VR,2003,52,1971,37.90384615384615
VR,2004,59,4096,69.42372881355932
VR,2005,55,3606,65.56363636363636
VR,2006,89,4510,50.674157303370784
VR,2007,92,5236,56.91304347826087
VR,2008,106,5159,48.66981132075472
VR,2009,89,5036,56.58426966292135
VR,2010,105,4701,44.77142857142857
VR,2011,110,5486,49.872727272727275
VR,2012,101,3154,31.22772277227723
VR,2013,127,5601,44.10236220472441
VR,2014,116,5422,46.741379310344826
VR,2015,132,7036,53.303030303030305
VR,2016,125,4024,32.192
VR,2017,175,5525,31.571428571428573
VR,2018,217,8935,41.175115207373274
VR,2019,268,9798,36.559701492537314
VR,2020,353,13317,37.725212464589234
VR,2021,487,10764,22.102669404517453
VR,2022,505,7551,14.952475247524752
VR,2023,618,7019,11.357605177993527
VR,2024,907,4522,4.9856670341786105
VR,2025,1139,1240,1.0886742756804215
AR,1991,0,0,0.0
AR,1992,0,0,0.0
AR,1993,0,0,0.0
AR,1994,0,0,0.0
AR,1995,0,0,0.0
AR,1996,0,0,0.0
AR,1997,0,0,0.0
AR,1998,2,15,7.5
AR,1999,0,0,0.0
AR,2000,0,0,0.0
AR,2001,1,153,153.0
AR,2002,0,0,0.0
AR,2003,0,0,0.0
AR,2004,2,0,0.0
AR,2005,0,0,0.0
AR,2006,0,0,0.0
AR,2007,2,571,285.5
AR,2008,2,43,21.5
AR,2009,5,361,72.2
AR,2010,10,584,58.4
AR,2011,9,445,49.44444444444444
AR,2012,19,1234,64.94736842105263
AR,2013,37,1759,47.54054054054054
AR,2014,47,3517,74.82978723404256
AR,2015,43,3192,74.23255813953489
AR,2016,60,3076,51.266666666666666
AR,2017,80,3120,39.0
AR,2018,97,4114,42.41237113402062
AR,2019,164,5177,31.567073170731707
AR,2020,159,4605,28.962264150943398
AR,2021,162,3198,19.74074074074074
AR,2022,199,2770,13.919597989949748
AR,2023,229,2371,10.353711790393014
AR,2024,301,1384,4.598006644518272
AR,2025,321,376,1.1713395638629283
MR/XR,1991,0,0,0.0
MR/XR,1992,0,0,0.0
MR/XR,1993,0,0,0.0
MR/XR,1994,0,0,0.0
MR/XR,1995,0,0,0.0
MR/XR,1996,0,0,0.0
MR/XR,1997,0,0,0.0
MR/XR,1998,0,0,0.0
MR/XR,1999,0,0,0.0
MR/XR,2000,0,0,0.0
MR/XR,2001,0,0,0.0
MR/XR,2002,0,0,0.0
MR/XR,2003,1,15,15.0
MR/XR,2004,0,0,0.0
MR/XR,2005,1,258,258.0
MR/XR,2006,1,519,519.0
MR/XR,2007,0,0,0.0
MR/XR,2008,6,286,47.666666666666664
MR/XR,2009,4,121,30.25
MR/XR,2010,3,55,18.333333333333332
MR/XR,2011,1,39,39.0
MR/XR,2012,3,55,18.333333333333332
MR/XR,2013,9,214,23.77777777777778
MR/XR,2014,4,317,79.25
MR/XR,2015,5,141,28.2
MR/XR,2016,7,813,116.14285714285714
MR/XR,2017,11,1253,113.9090909090909
MR/XR,2018,22,705,32.04545454545455
MR/XR,2019,22,614,27.90909090909091
MR/XR,2020,42,1516,36.095238095238095
MR/XR,2021,69,1552,22.492753623188406
MR/XR,2022,68,819,12.044117647058824
MR/XR,2023,109,1335,12.247706422018348
MR/XR,2024,114,696,6.105263157894737
MR/XR,2025,161,173,1.0745341614906831
Hybrid/Multi-technology,1991,0,0,0.0
Hybrid/Multi-technology,1992,0,0,0.0
Hybrid/Multi-technology,1993,0,0,0.0
Hybrid/Multi-technology,1994,0,0,0.0
Hybrid/Multi-technology,1995,0,0,0.0
Hybrid/Multi-technology,1996,0,0,0.0
Hybrid/Multi-technology,1997,0,0,0.0
Hybrid/Multi-technology,1998,0,0,0.0
Hybrid/Multi-technology,1999,0,0,0.0
Hybrid/Multi-technology,2000,2,300,150.0
Hybrid/Multi-technology,2001,0,0,0.0
Hybrid/Multi-technology,2002,0,0,0.0
Hybrid/Multi-technology,2003,0,0,0.0
Hybrid/Multi-technology,2004,1,22,22.0
Hybrid/Multi-technology,2005,0,0,0.0
Hybrid/Multi-technology,2006,1,11,11.0
Hybrid/Multi-technology,2007,2,9,4.5
Hybrid/Multi-technology,2008,2,92,46.0
Hybrid/Multi-technology,2009,4,1275,318.75
Hybrid/Multi-technology,2010,1,4,4.0
Hybrid/Multi-technology,2011,6,486,81.0
Hybrid/Multi-technology,2012,5,163,32.6
Hybrid/Multi-technology,2013,4,1959,489.75
Hybrid/Multi-technology,2014,13,373,28.692307692307693
Hybrid/Multi-technology,2015,9,295,32.77777777777778
Hybrid/Multi-technology,2016,8,300,37.5
Hybrid/Multi-technology,2017,26,904,34.76923076923077
Hybrid/Multi-technology,2018,29,1284,44.275862068965516
Hybrid/Multi-technology,2019,42,1998,47.57142857142857
Hybrid/Multi-technology,2020,50,1884,37.68
Hybrid/Multi-technology,2021,55,1391,25.29090909090909
Hybrid/Multi-technology,2022,69,1347,19.52173913043478
Hybrid/Multi-technology,2023,73,1092,14.95890410958904
Hybrid/Multi-technology,2024,100,558,5.58
Hybrid/Multi-technology,2025,117,152,1.2991452991452992
