Country,Category,Documents,MCP documents,MCP proportion,Wilson 95% CI lower,Wilson 95% CI upper,Formula
Australia,AR,29,6,0.20689655172413793,0.09845936515585207,0.3839044660825772,MCP = >1 distinct parsed country; Wilson score interval; n>=10
Australia,Hybrid/Multi-technology,11,3,0.2727272727272727,0.09745880573921467,0.5656502930102463,MCP = >1 distinct parsed country; Wilson score interval; n>=10
Australia,MR/XR,40,7,0.175,0.08745302996883066,0.3195029205439244,MCP = >1 distinct parsed country; Wilson score interval; n>=10
Australia,VR,181,31,0.1712707182320442,0.1233617088935856,0.23284382059761116,MCP = >1 distinct parsed country; Wilson score interval; n>=10
Austria,AR,10,6,0.6,0.3126695474501864,0.8318224187964902,MCP = >1 distinct parsed country; Wilson score interval; n>=10
Austria,VR,12,3,0.25,0.08894003962896138,0.53231033912066,MCP = >1 distinct parsed country; Wilson score interval; n>=10
Belgium,VR,35,21,0.6,0.43572419581519467,0.7444949506669274,MCP = >1 distinct parsed country; Wilson score interval; n>=10
Brazil,AR,24,4,0.16666666666666666,0.06678568000728924,0.3585347038786943,MCP = >1 distinct parsed country; Wilson score interval; n>=10
Brazil,Hybrid/Multi-technology,11,4,0.36363636363636365,0.15166223614131383,0.6462032231083628,MCP = >1 distinct parsed country; Wilson score interval; n>=10
Brazil,VR,77,18,0.23376623376623376,0.1532949838383708,0.33954038804937015,MCP = >1 distinct parsed country; Wilson score interval; n>=10
Canada,AR,21,5,0.23809523809523808,0.10627856389112261,0.45091581972345923,MCP = >1 distinct parsed country; Wilson score interval; n>=10
Canada,Hybrid/Multi-technology,11,1,0.09090909090909091,0.01623175226282597,0.3773646254862038,MCP = >1 distinct parsed country; Wilson score interval; n>=10
Canada,MR/XR,12,2,0.16666666666666666,0.04696414761482223,0.44803635738467273,MCP = >1 distinct parsed country; Wilson score interval; n>=10
Canada,VR,209,49,0.23444976076555024,0.18212457450113434,0.29636083436630517,MCP = >1 distinct parsed country; Wilson score interval; n>=10
Chile,AR,18,6,0.3333333333333333,0.1627855436366286,0.5625093065574964,MCP = >1 distinct parsed country; Wilson score interval; n>=10
Chile,VR,17,11,0.6470588235294118,0.4129996672121182,0.826905138560951,MCP = >1 distinct parsed country; Wilson score interval; n>=10
China,AR,114,43,0.37719298245614036,0.29359339010807,0.4687995169807679,MCP = >1 distinct parsed country; Wilson score interval; n>=10
China,Hybrid/Multi-technology,41,5,0.12195121951219512,0.053232579973408245,0.25544507648844866,MCP = >1 distinct parsed country; Wilson score interval; n>=10
China,MR/XR,38,10,0.2631578947368421,0.14971462389701296,0.42009150206375323,MCP = >1 distinct parsed country; Wilson score interval; n>=10
China,VR,662,131,0.19788519637462235,0.16931624810303023,0.22994027176595963,MCP = >1 distinct parsed country; Wilson score interval; n>=10
Colombia,AR,19,7,0.3684210526315789,0.19149272376273843,0.5896084250184328,MCP = >1 distinct parsed country; Wilson score interval; n>=10
Colombia,VR,24,6,0.25,0.1199920347934233,0.4489982531210644,MCP = >1 distinct parsed country; Wilson score interval; n>=10
Cyprus,AR,20,4,0.2,0.0806563532712,0.41602172202575993,MCP = >1 distinct parsed country; Wilson score interval; n>=10
Cyprus,VR,14,4,0.2857142857142857,0.11721187910109099,0.5464954117248438,MCP = >1 distinct parsed country; Wilson score interval; n>=10
Czech Republic,VR,26,4,0.15384615384615385,0.06149933998929477,0.33531584418313565,MCP = >1 distinct parsed country; Wilson score interval; n>=10
Denmark,VR,119,29,0.24369747899159663,0.1753707625793421,0.32805478707159047,MCP = >1 distinct parsed country; Wilson score interval; n>=10
Ecuador,AR,15,7,0.4666666666666667,0.24809225259746442,0.6988336984894921,MCP = >1 distinct parsed country; Wilson score interval; n>=10
Egypt,VR,19,8,0.42105263157894735,0.2314162039203038,0.6372444853483988,MCP = >1 distinct parsed country; Wilson score interval; n>=10
Finland,VR,39,9,0.23076923076923078,0.1264566242878376,0.38336560457382957,MCP = >1 distinct parsed country; Wilson score interval; n>=10
France,VR,108,19,0.17592592592592593,0.11561771988481864,0.25849709964566014,MCP = >1 distinct parsed country; Wilson score interval; n>=10
Germany,AR,57,17,0.2982456140350877,0.1953239240924326,0.42664525489036853,MCP = >1 distinct parsed country; Wilson score interval; n>=10
Germany,Hybrid/Multi-technology,30,3,0.1,0.03459925995971615,0.25621441315266624,MCP = >1 distinct parsed country; Wilson score interval; n>=10
Germany,MR/XR,32,5,0.15625,0.06864319106627216,0.31754492553566527,MCP = >1 distinct parsed country; Wilson score interval; n>=10
Germany,VR,244,36,0.14754098360655737,0.10851428542168975,0.1974940683010106,MCP = >1 distinct parsed country; Wilson score interval; n>=10
Greece,AR,41,10,0.24390243902439024,0.13824855751022433,0.39343630654458195,MCP = >1 distinct parsed country; Wilson score interval; n>=10
Greece,Hybrid/Multi-technology,12,3,0.25,0.08894003962896138,0.53231033912066,MCP = >1 distinct parsed country; Wilson score interval; n>=10
Greece,VR,59,10,0.1694915254237288,0.0947573785633763,0.28463461654814215,MCP = >1 distinct parsed country; Wilson score interval; n>=10
Hong Kong,AR,13,7,0.5384615384615384,0.2914343243183205,0.7679424569851186,MCP = >1 distinct parsed country; Wilson score interval; n>=10
Hong Kong,VR,69,25,0.36231884057971014,0.25895556253460106,0.48020447788186427,MCP = >1 distinct parsed country; Wilson score interval; n>=10
Hungary,VR,15,1,0.06666666666666667,0.011866588606194856,0.2981707755242399,MCP = >1 distinct parsed country; Wilson score interval; n>=10
India,AR,29,2,0.06896551724137931,0.019120864097994433,0.21964947595851925,MCP = >1 distinct parsed country; Wilson score interval; n>=10
India,Hybrid/Multi-technology,24,4,0.16666666666666666,0.06678568000728924,0.3585347038786943,MCP = >1 distinct parsed country; Wilson score interval; n>=10
India,MR/XR,10,2,0.2,0.056680947980693314,0.5098431532792765,MCP = >1 distinct parsed country; Wilson score interval; n>=10
India,VR,75,7,0.09333333333333334,0.04594793932894482,0.1803488380068779,MCP = >1 distinct parsed country; Wilson score interval; n>=10
Indonesia,AR,196,45,0.22959183673469388,0.17624754702881482,0.2933323602577561,MCP = >1 distinct parsed country; Wilson score interval; n>=10
Indonesia,Hybrid/Multi-technology,17,7,0.4117647058823529,0.21610786039131383,0.6399492561448447,MCP = >1 distinct parsed country; Wilson score interval; n>=10
Indonesia,VR,99,16,0.16161616161616163,0.10199861339903872,0.2465140507368752,MCP = >1 distinct parsed country; Wilson score interval; n>=10
Iran,AR,19,1,0.05263157894736842,0.009351752490529969,0.2463921533654521,MCP = >1 distinct parsed country; Wilson score interval; n>=10
Iran,VR,50,8,0.16,0.08337321362087696,0.2851448096176598,MCP = >1 distinct parsed country; Wilson score interval; n>=10
Ireland,VR,52,15,0.28846153846153844,0.1832980234182869,0.4227304571410092,MCP = >1 distinct parsed country; Wilson score interval; n>=10
Israel,VR,47,10,0.2127659574468085,0.11989580124247315,0.34904302050979275,MCP = >1 distinct parsed country; Wilson score interval; n>=10
Italy,AR,33,11,0.3333333333333333,0.19750029467803698,0.5039241820005003,MCP = >1 distinct parsed country; Wilson score interval; n>=10
Italy,Hybrid/Multi-technology,11,3,0.2727272727272727,0.09745880573921467,0.5656502930102463,MCP = >1 distinct parsed country; Wilson score interval; n>=10
Italy,MR/XR,23,2,0.08695652173913043,0.02417949540723341,0.2679640429809402,MCP = >1 distinct parsed country; Wilson score interval; n>=10
Italy,VR,134,28,0.208955223880597,0.14871120011463207,0.2854218917821538,MCP = >1 distinct parsed country; Wilson score interval; n>=10
Japan,AR,20,3,0.15,0.05236779195949584,0.36042329588695743,MCP = >1 distinct parsed country; Wilson score interval; n>=10
Japan,Hybrid/Multi-technology,14,1,0.07142857142857142,0.012721886112291636,0.3146926955395781,MCP = >1 distinct parsed country; Wilson score interval; n>=10
Japan,MR/XR,11,2,0.18181818181818182,0.05136660067100063,0.4769861375782448,MCP = >1 distinct parsed country; Wilson score interval; n>=10
Japan,VR,121,12,0.09917355371900827,0.05764466621957911,0.16537073890179066,MCP = >1 distinct parsed country; Wilson score interval; n>=10
Jordan,VR,25,7,0.28,0.1428367383738157,0.47576971896558296,MCP = >1 distinct parsed country; Wilson score interval; n>=10
Kazakhstan,AR,15,2,0.13333333333333333,0.0373604698913593,0.3788249920651624,MCP = >1 distinct parsed country; Wilson score interval; n>=10
Kazakhstan,VR,23,9,0.391304347826087,0.22157377982382145,0.5921482039625402,MCP = >1 distinct parsed country; Wilson score interval; n>=10
Malaysia,AR,126,19,0.15079365079365079,0.09871172541981235,0.22353938670449916,MCP = >1 distinct parsed country; Wilson score interval; n>=10
Malaysia,Hybrid/Multi-technology,22,7,0.3181818181818182,0.1636038735469248,0.5268177721716065,MCP = >1 distinct parsed country; Wilson score interval; n>=10
Malaysia,VR,86,22,0.2558139534883721,0.1754295012969836,0.35708105060770196,MCP = >1 distinct parsed country; Wilson score interval; n>=10
Mexico,AR,18,6,0.3333333333333333,0.1627855436366286,0.5625093065574964,MCP = >1 distinct parsed country; Wilson score interval; n>=10
Mexico,VR,37,7,0.1891891891891892,0.09479858757337126,0.342050115709556,MCP = >1 distinct parsed country; Wilson score interval; n>=10
Netherlands,AR,14,4,0.2857142857142857,0.11721187910109099,0.5464954117248438,MCP = >1 distinct parsed country; Wilson score interval; n>=10
Netherlands,MR/XR,15,7,0.4666666666666667,0.24809225259746442,0.6988336984894921,MCP = >1 distinct parsed country; Wilson score interval; n>=10
Netherlands,VR,134,19,0.1417910447761194,0.09268933972705254,0.21085908106899162,MCP = >1 distinct parsed country; Wilson score interval; n>=10
New Zealand,MR/XR,12,2,0.16666666666666666,0.04696414761482223,0.44803635738467273,MCP = >1 distinct parsed country; Wilson score interval; n>=10
New Zealand,VR,28,4,0.14285714285714285,0.056989129307017855,0.31490173044877334,MCP = >1 distinct parsed country; Wilson score interval; n>=10
Nigeria,VR,14,5,0.35714285714285715,0.16344490737202735,0.6123599531785959,MCP = >1 distinct parsed country; Wilson score interval; n>=10
Norway,VR,48,13,0.2708333333333333,0.16565803561632889,0.40997234616201117,MCP = >1 distinct parsed country; Wilson score interval; n>=10
Pakistan,VR,16,4,0.25,0.10181901984237346,0.49498768929398645,MCP = >1 distinct parsed country; Wilson score interval; n>=10
Palestine,VR,10,6,0.6,0.3126695474501864,0.8318224187964902,MCP = >1 distinct parsed country; Wilson score interval; n>=10
Peru,AR,24,6,0.25,0.1199920347934233,0.4489982531210644,MCP = >1 distinct parsed country; Wilson score interval; n>=10
Peru,VR,26,9,0.34615384615384615,0.19412014972852126,0.5377977099036699,MCP = >1 distinct parsed country; Wilson score interval; n>=10
Poland,VR,50,10,0.2,0.11243629945973886,0.3303737210448524,MCP = >1 distinct parsed country; Wilson score interval; n>=10
Portugal,AR,28,3,0.10714285714285714,0.03711769205479949,0.2719622536765708,MCP = >1 distinct parsed country; Wilson score interval; n>=10
Portugal,VR,33,11,0.3333333333333333,0.19750029467803698,0.5039241820005003,MCP = >1 distinct parsed country; Wilson score interval; n>=10
Romania,AR,10,2,0.2,0.056680947980693314,0.5098431532792765,MCP = >1 distinct parsed country; Wilson score interval; n>=10
Romania,VR,25,8,0.32,0.17204987516891143,0.5159008626542329,MCP = >1 distinct parsed country; Wilson score interval; n>=10
Russia,VR,83,3,0.03614457831325301,0.012367579124893058,0.10096059539054655,MCP = >1 distinct parsed country; Wilson score interval; n>=10
Saudi Arabia,AR,37,9,0.24324324324324326,0.13361203432663304,0.4011760249070895,MCP = >1 distinct parsed country; Wilson score interval; n>=10
Saudi Arabia,Hybrid/Multi-technology,13,8,0.6153846153846154,0.35522480972268555,0.8229055341876319,MCP = >1 distinct parsed country; Wilson score interval; n>=10
Saudi Arabia,VR,36,11,0.3055555555555556,0.18004270282805354,0.46856578679083716,MCP = >1 distinct parsed country; Wilson score interval; n>=10
Singapore,AR,15,3,0.2,0.07047420643610414,0.4518593533465045,MCP = >1 distinct parsed country; Wilson score interval; n>=10
Singapore,VR,44,12,0.2727272727272727,0.16346223395491324,0.41849154685509304,MCP = >1 distinct parsed country; Wilson score interval; n>=10
Slovakia,VR,14,0,0.0,0.0,0.21531701192718142,MCP = >1 distinct parsed country; Wilson score interval; n>=10
South Africa,VR,19,3,0.15789473684210525,0.055203710399278266,0.3756592764317668,MCP = >1 distinct parsed country; Wilson score interval; n>=10
South Korea,AR,55,9,0.16363636363636364,0.08855320558522452,0.28263996387311785,MCP = >1 distinct parsed country; Wilson score interval; n>=10
South Korea,Hybrid/Multi-technology,32,5,0.15625,0.06864319106627216,0.31754492553566527,MCP = >1 distinct parsed country; Wilson score interval; n>=10
South Korea,MR/XR,30,1,0.03333333333333333,0.0059084379948573795,0.16670751396958874,MCP = >1 distinct parsed country; Wilson score interval; n>=10
South Korea,VR,265,30,0.11320754716981132,0.08045811214568867,0.1570110890493645,MCP = >1 distinct parsed country; Wilson score interval; n>=10
Spain,AR,168,21,0.125,0.08322944404924518,0.183537159613663,MCP = >1 distinct parsed country; Wilson score interval; n>=10
Spain,Hybrid/Multi-technology,47,4,0.0851063829787234,0.033593579469713086,0.19931805195022648,MCP = >1 distinct parsed country; Wilson score interval; n>=10
Spain,MR/XR,27,2,0.07407407407407407,0.020554221697383523,0.2336997729073062,MCP = >1 distinct parsed country; Wilson score interval; n>=10
Spain,VR,224,43,0.19196428571428573,0.1457544583007055,0.24856159285062074,MCP = >1 distinct parsed country; Wilson score interval; n>=10
Sweden,VR,43,9,0.20930232558139536,0.11422705997811457,0.35205931794236645,MCP = >1 distinct parsed country; Wilson score interval; n>=10
Switzerland,AR,14,7,0.5,0.2679886791947528,0.7320113208052472,MCP = >1 distinct parsed country; Wilson score interval; n>=10
Switzerland,VR,46,10,0.21739130434782608,0.12260774618580751,0.35573965839189464,MCP = >1 distinct parsed country; Wilson score interval; n>=10
Taiwan,AR,140,23,0.16428571428571428,0.11203753808504885,0.23446583785070274,MCP = >1 distinct parsed country; Wilson score interval; n>=10
Taiwan,Hybrid/Multi-technology,21,4,0.19047619047619047,0.07667440615177301,0.40000986539273287,MCP = >1 distinct parsed country; Wilson score interval; n>=10
Taiwan,MR/XR,11,2,0.18181818181818182,0.05136660067100063,0.4769861375782448,MCP = >1 distinct parsed country; Wilson score interval; n>=10
Taiwan,VR,257,49,0.19066147859922178,0.14732803524452864,0.24310661935044392,MCP = >1 distinct parsed country; Wilson score interval; n>=10
Thailand,AR,33,3,0.09090909090909091,0.03140337104926305,0.23572943534351032,MCP = >1 distinct parsed country; Wilson score interval; n>=10
Thailand,VR,52,12,0.23076923076923078,0.13724127341871611,0.3613404291112973,MCP = >1 distinct parsed country; Wilson score interval; n>=10
Turkey,AR,88,5,0.056818181818181816,0.024510666532829656,0.1262009935427788,MCP = >1 distinct parsed country; Wilson score interval; n>=10
Turkey,Hybrid/Multi-technology,29,5,0.1724137931034483,0.07597745271479928,0.34548800572815114,MCP = >1 distinct parsed country; Wilson score interval; n>=10
Turkey,VR,119,16,0.13445378151260504,0.08448442239693099,0.20728644349866138,MCP = >1 distinct parsed country; Wilson score interval; n>=10
UK,AR,42,16,0.38095238095238093,0.24999520898785943,0.5318623178000363,MCP = >1 distinct parsed country; Wilson score interval; n>=10
UK,Hybrid/Multi-technology,19,5,0.2631578947368421,0.11806238339540162,0.48791968441070643,MCP = >1 distinct parsed country; Wilson score interval; n>=10
UK,MR/XR,42,9,0.21428571428571427,0.11705668531051237,0.3594013789804373,MCP = >1 distinct parsed country; Wilson score interval; n>=10
UK,VR,347,71,0.20461095100864554,0.16550780389536984,0.2501829237720448,MCP = >1 distinct parsed country; Wilson score interval; n>=10
USA,AR,215,24,0.11162790697674418,0.07616920925573997,0.16072176576911817,MCP = >1 distinct parsed country; Wilson score interval; n>=10
USA,Hybrid/Multi-technology,94,13,0.13829787234042554,0.08263699831631924,0.22236210227075212,MCP = >1 distinct parsed country; Wilson score interval; n>=10
USA,MR/XR,182,22,0.12087912087912088,0.08119649965778826,0.1762356360965316,MCP = >1 distinct parsed country; Wilson score interval; n>=10
USA,VR,1390,132,0.09496402877697842,0.08064910319919187,0.11151161291087398,MCP = >1 distinct parsed country; Wilson score interval; n>=10
Ukraine,VR,25,2,0.08,0.02221993369109193,0.24966512122957818,MCP = >1 distinct parsed country; Wilson score interval; n>=10
United Arab Emirates,VR,17,5,0.29411764705882354,0.13279793865556402,0.5313353332621391,MCP = >1 distinct parsed country; Wilson score interval; n>=10
Vietnam,VR,12,5,0.4166666666666667,0.19325746190524656,0.6804926643446272,MCP = >1 distinct parsed country; Wilson score interval; n>=10
