Institution,Documents,Total Citations,CPP
University of California,77,5799,75.31
National Taiwan Normal University,77,4526,58.78
Stanford University,67,2008,29.97
National Taiwan University of Science and Technology,66,5543,83.98
University of Toronto,65,2165,33.31
Københavns Universitet,61,5575,91.39
Rigshospitalet,56,1546,27.61
Universidad de Sevilla,44,835,18.98
Harvard University,43,1957,45.51
Imperial College London,42,2438,58.05
Chinese University of Hong Kong,42,1581,37.64
Universitas Negeri Malang,42,282,6.71
University of Michigan,41,1092,26.63
The Hong Kong Polytechnic University,41,1016,24.78
University of Florida,40,1328,33.2
Universitat de Barcelona,40,1027,25.68
Beijing Normal University,39,1411,36.18
University of Cincinnati,39,806,20.67
Universitas Negeri Yogyakarta,36,296,8.22
Universitas Negeri Padang,36,222,6.17
University of Washington,33,1355,41.06
Massachusetts Institute of Technology (MIT),14,808,57.71
