Country,Hybrid/Multi-technology_SCP,AR_SCP,VR_MCP,VR_SCP,AR_MCP,Hybrid/Multi-technology_MCP,MR/XR_MCP,MR/XR_SCP,Total_SCP,Total_MCP,Total
USA,81,191,132,1258,24,13,22,160,1690,191,1881
China,36,71,131,531,43,5,10,28,666,189,855
Spain,43,147,43,181,21,4,2,25,396,70,466
UK,14,26,71,276,16,5,9,33,349,101,450
Taiwan,17,117,49,208,23,4,2,9,351,78,429
South Korea,27,46,30,235,9,5,1,29,337,45,382
Germany,27,40,36,208,17,3,5,27,302,61,363
Indonesia,10,151,16,83,45,7,1,4,248,69,317
Australia,8,23,31,150,6,3,7,33,214,47,261
Canada,10,16,49,160,5,1,2,10,196,57,253
Malaysia,15,107,22,64,19,7,2,7,193,50,243
Turkey,24,83,16,103,5,5,3,3,213,29,242
