category,keyword,count
VR,virtual reality,3290
VR,simulations,463
VR,education,381
VR,medical education,197
VR,training,197
VR,immersive virtual reality,130
VR,nursing education,123
VR,virtual reality simulation,109
VR,learning,102
VR,laparoscopy,96
AR,augmented reality,1320
AR,education,111
AR,mobile learning,97
AR,educational technology,61
AR,learning,56
AR,motivation,51
AR,higher education,45
AR,game-based learning,42
AR,technology,36
AR,gamification,32
MR/XR,mixed reality,213
MR/XR,virtual reality,195
MR/XR,augmented reality,192
MR/XR,extended reality,107
MR/XR,education,60
MR/XR,medical education,43
MR/XR,simulations,41
MR/XR,hololens,28
MR/XR,metaverse,25
MR/XR,learning,20
Hybrid/Multi-technology,augmented reality,298
Hybrid/Multi-technology,virtual reality,263
Hybrid/Multi-technology,education,57
Hybrid/Multi-technology,simulations,30
Hybrid/Multi-technology,artificial intelligence,26
Hybrid/Multi-technology,metaverse,23
Hybrid/Multi-technology,medical education,20
Hybrid/Multi-technology,higher education,20
Hybrid/Multi-technology,technology,19
Hybrid/Multi-technology,augmented and virtual reality,17
