,virtual reality,augmented reality,education,simulations,medical education,training,mixed reality,learning,educational technology,higher education
virtual reality,3748.0,307.0,297.0,336.0,164.0,135.0,76.0,84.0,63.0,74.0
augmented reality,307.0,1810.0,130.0,49.0,43.0,20.0,78.0,56.0,56.0,47.0
education,297.0,130.0,609.0,81.0,6.0,49.0,13.0,37.0,8.0,5.0
simulations,336.0,49.0,81.0,561.0,44.0,65.0,17.0,8.0,4.0,5.0
medical education,164.0,43.0,6.0,44.0,279.0,13.0,18.0,4.0,4.0,3.0
training,135.0,20.0,49.0,65.0,13.0,238.0,6.0,3.0,1.0,1.0
mixed reality,76.0,78.0,13.0,17.0,18.0,6.0,213.0,5.0,3.0,5.0
learning,84.0,56.0,37.0,8.0,4.0,3.0,5.0,193.0,2.0,8.0
educational technology,63.0,56.0,8.0,4.0,4.0,1.0,3.0,2.0,169.0,15.0
higher education,74.0,47.0,5.0,5.0,3.0,1.0,5.0,8.0,15.0,165.0
