Network,Minimum document frequency,Minimum co-occurrence,Nodes (largest component),Edges (largest component),Density,Communities,Modularity,ARI vs baseline
Keywords,15,5,69,289,0.12318840579710146,4,0.11087240235136339,0.5391
Keywords,20,6,69,247,0.10528559249786872,5,0.11297015589841701,0.4964
Keywords,25,8,67,189,0.08548168249660787,3,0.10819352726838065,1.0
Keywords,30,10,66,159,0.07412587412587412,3,0.11710294679066949,0.5725
Keywords,40,12,65,140,0.0673076923076923,3,0.116827508546878,0.5403
Authors,5,2,46,100,0.0966183574879227,6,0.4218419104354264,0.1487
Authors,8,3,14,19,0.2087912087912088,4,0.3228772990677753,1.0
Authors,12,4,4,3,0.5,2,0.18934911242603553,0.5714
Authors,15,5,3,3,1.0,1,0.0,
