Source,Articles,Total Citations,CPP,H-index,Q,SJR
Education and Information Technologies,136,2725,20.04,29,,
Computers and Education,124,22278,179.66,67,,
Interactive Learning Environments,124,4586,36.98,44,,
Surgical Endoscopy,117,7208,61.61,52,,
Virtual Reality,100,2541,25.41,24,,
BMC Medical Education,90,1277,14.19,18,,
Clinical Simulation in Nursing,88,1201,13.65,19,,
Education Sciences,83,1551,18.69,21,,
Applied Sciences (Switzerland),83,1265,15.24,18,,
Sustainability (Switzerland),79,1777,22.49,26,,
International Journal of Emerging Technologies in Learning,78,1801,23.09,24,,
International Journal of Interactive Mobile Technologies,76,757,9.96,16,,
Frontiers in Psychology,68,1816,26.71,21,,
Frontiers in Education,59,435,7.37,12,,
British Journal of Educational Technology,58,3076,53.03,33,,
Journal of Computer Assisted Learning,57,2940,51.58,27,,
International Journal of Information and Education Technology,57,291,5.11,10,,
Journal of Dental Education,50,1220,24.4,19,,
Frontiers in Virtual Reality,49,408,8.33,10,,
PLOS ONE,48,942,19.62,15,,
